contract_number,customer,equipment_type,equipment_category,depot,hire_start,expected_off_hire,off_hire_logged,collected_date,daily_rate_gbp,days_on_hire,damage_charge_gbp
LG101867,Tyne Offshore,Beam Trolley,Clamps & Trolleys,Glasgow,2026-01-06,2026-01-26,2026-01-25,2026-01-26,10.69,19,0
LG101558,Brunel Rail Services,Shackle Set,Slings & Rigging,Newcastle,2025-10-05,2025-10-12,2025-10-10,2025-10-12,2.71,5,0
LG100576,Humber Port Services,Vacuum Lifter,Handling,Nottingham,2026-01-28,2026-03-08,2026-03-09,2026-03-10,39.19,40,0
LG100722,Brunel Rail Services,Pallet Truck,Handling,Bristol,2025-12-04,2025-12-15,2025-12-17,2025-12-20,7.7,13,0
LG102199,Granite Structures,Webbing Sling,Slings & Rigging,Bristol,2025-12-29,2026-01-27,2026-01-28,2026-01-31,3.85,30,0
LG100797,Cheshire Logistics,Chain Hoist,Hoists,Bristol,2026-06-29,2026-07-17,2026-07-16,2026-07-16,18.09,17,92.71
LG100195,Brunel Rail Services,Wire Rope Sling,Slings & Rigging,Cardiff,2026-08-01,2026-09-03,2026-09-04,2026-09-07,5.84,34,0
LG100881,,Wire Rope Sling,Slings & Rigging,Sheffield,2026-01-24,2026-02-13,2026-02-14,2026-02-14,6.25,21,0
LG100822,Cheshire Logistics,Engine Crane,Cranes & Gantries,Sheffield,2025-10-18,2025-11-05,2025-11-05,2025-11-05,14.87,18,0
LG100242,Redline Roofing,Wire Rope Sling,Slings & Rigging,Birmingham,2026-02-13,2026-03-09,2026-03-07,2026-03-10,6.33,22,0
LG100072,Dee Valley Contractors,Beam Clamp,Clamps & Trolleys,Sheffield,2026-07-16,2026-07-25,2026-07-25,2026-07-27,6.43,9,0
LG100955,Clyde Shipping Supplies,Beam Trolley,Clamps & Trolleys,Glasgow,2025-10-08,2025-10-31,2025-10-29,2025-10-30,11.98,21,0
LG101192,Severn Plant Hire,Webbing Sling,Slings & Rigging,Glasgow,2026-04-23,2026-05-17,2026-05-17,2026-05-18,3.68,24,0
LG101830,Highland Civil Eng,Chain Hoist,Hoists,Liverpool,2026-03-10,2026-04-03,2026-04-05,2026-04-06,19.95,26,0
LG101172,Humber Port Services,Webbing Sling,Slings & Rigging,Nottingham,2026-08-02,2026-08-08,2026-08-09,2026-08-09,4.55,7,0
LG101665,Calder Fabrications,Wire Rope Sling,Slings & Rigging,Bristol,2026-04-07,2026-04-14,2026-04-12,2026-04-13,5.68,5,0
LG101860,Mersey Marine Services,Engine Crane,Cranes & Gantries,Glasgow,2026-05-25,2026-06-09,2026-06-07,2026-06-10,13.52,13,0
LG102382,Wessex Scaffolding,Shackle Set,Slings & Rigging,Glasgow,2026-02-20,2026-03-03,2026-03-03,2026-03-06,3.25,11,0
LG101366,Wessex Scaffolding,Engine Crane,Cranes & Gantries,Birmingham,2026-06-06,2026-07-13,2026-07-13,2026-07-13,12.91,37,230.49
LG101270,Pennine Builders,Lever Hoist,Hoists,Leeds,2026-02-06,2026-03-05,2026-03-07,2026-03-10,9.96,29,0
LG100798,Pennine Builders,Wire Rope Sling,Slings & Rigging,Newcastle,2025-11-13,2025-12-23,2025-12-25,2025-12-25,5.54,42,0
LG101549,Trent Warehousing,Lever Hoist,Hoists,Nottingham,2026-04-18,2026-05-21,2026-05-21,2026-06-11,8.69,33,0
LG101572,Northern Steelworks,Beam Trolley,Clamps & Trolleys,Sheffield,2025-11-22,2025-11-27,2025-11-27,2025-11-27,10.1,5,0
LG101827,Pennine Builders,Load Cell,Testing,Cardiff,2025-12-11,2025-12-29,2025-12-27,2025-12-29,9.28,16,0
LG100648,Dee Valley Contractors,Chain Hoist,Hoists,Leeds,2026-03-04,2026-03-24,2026-03-24,2026-03-26,18.42,20,0
LG100075,Highland Civil Eng,Lever Hoist,Hoists,Bristol,2026-07-06,2026-07-28,2026-07-29,2026-07-31,9.48,23,0
LG102000,Humber Port Services,Pallet Truck,Handling,Glasgow,2026-03-05,2026-04-04,,,9.17,30,0
LG101696,Wessex Scaffolding,Chain Hoist,Hoists,Manchester,2026-05-17,2026-05-25,2026-05-25,2026-05-25,20.59,8,0
LG100528,Clyde Shipping Supplies,Wire Rope Sling,Slings & Rigging,Leeds,2025-12-30,2026-01-04,2026-01-04,2026-01-06,6.9,5,0
LG100136,Highland Civil Eng,Pallet Truck,Handling,Nottingham,2026-01-21,2026-02-24,2026-02-22,2026-02-25,7.64,32,0
LG100810,Highland Civil Eng,Beam Clamp,Clamps & Trolleys,Manchester,2026-02-11,2026-02-25,2026-02-25,2026-02-26,6.35,14,0
LG100165,Mersey Marine Services,Wire Rope Sling,Slings & Rigging,Leeds,2026-03-31,2026-04-19,2026-04-20,2026-04-20,5.91,20,0
LG101518,Severn Plant Hire,Engine Crane,Cranes & Gantries,Sheffield,2026-08-06,2026-09-05,2026-09-05,2026-09-08,14.78,30,0
LG102160,Calder Fabrications,Webbing Sling,Slings & Rigging,Glasgow,2025-11-08,2025-12-03,2025-12-03,2025-12-03,4.5,25,0
LG100307,Calder Fabrications,Beam Clamp,Clamps & Trolleys,Bristol,2026-07-27,2026-09-03,2026-09-03,2026-09-06,7.55,38,0
LG100437,Dee Valley Contractors,Webbing Sling,Slings & Rigging,Cardiff,2025-12-21,2025-12-25,2025-12-27,2025-12-28,3.74,6,0
LG101203,Northern Steelworks,Chain Hoist,Hoists,Nottingham,2026-03-27,2026-04-24,2026-04-24,2026-04-27,20.07,28,0
LG101163,Calder Fabrications,Webbing Sling,Slings & Rigging,LEEDS,2026-07-12,2026-08-14,2026-08-14,2026-08-17,3.85,33,0
LG101638,Pennine Builders,Wire Rope Sling,Slings & Rigging,Birmingham,2026-06-25,2026-07-29,2026-07-29,2026-07-31,6.69,34,191.53
LG102311,Lakeland Events,Pallet Truck,Handling,Liverpool,2026-03-28,2026-04-27,2026-04-27,2026-04-27,9.08,30,0
LG101272,Ashby Construction,Lever Hoist,Hoists,Manchester,2025-11-18,2025-12-24,2025-12-24,2025-12-26,9.6,36,0
LG101899,Trent Warehousing,Lever Hoist,Hoists,Newcastle,2025-11-11,2025-12-13,2025-12-13,2025-12-15,9.97,32,0
LG101453,Severn Plant Hire,Chain Hoist,Hoists,Newcastle,2025-12-16,2026-01-05,2026-01-05,2026-01-06,19.98,20,0
LG100898,Highland Civil Eng,Pallet Truck,Handling,Bristol,2026-03-26,2026-04-24,2026-04-24,2026-04-24,7.73,29,0
LG100384,Oakwood Joinery,Webbing Sling,Slings & Rigging,Liverpool,2025-12-23,2026-01-06,2026-01-08,2026-01-11,4.43,16,128.47
LG102232,Stanley Mechanical,Beam Clamp,Clamps & Trolleys,Birmingham,2026-02-20,2026-03-18,2026-03-18,2026-03-21,6.38,26,0
LG102286,Oakwood Joinery,Shackle Set,Slings & Rigging,Cardiff,2026-02-25,2026-03-27,2026-03-28,2026-03-31,2.83,31,0
LG100734,Highland Civil Eng,Beam Clamp,Clamps & Trolleys,Birmingham,2026-05-24,2026-05-28,2026-05-28,2026-05-31,6.52,4,0
LG101504,Dee Valley Contractors,Shackle Set,Slings & Rigging,Sheffield,2026-04-18,2026-05-27,2026-05-27,2026-05-29,3.04,39,0
LG100147,Lakeland Events,Lever Hoist,Hoists,Liverpool,2025-12-04,2026-01-06,2026-01-05,2026-01-07,9.61,32,0
LG102019,Highland Civil Eng,Webbing Sling,Slings & Rigging,BIRMINGHAM,2026-02-26,2026-03-03,2026-03-03,2026-03-05,4.12,5,0
LG100837,Humber Port Services,Lever Hoist,Hoists,Liverpool,2026-01-05,2026-02-08,2026-02-06,2026-02-07,9.32,32,0
LG102181,Stanley Mechanical,Shackle Set,Slings & Rigging,Birmingham,2026-01-05,2026-02-07,2026-02-07,2026-02-09,2.78,33,0
LG100595,Humber Port Services,Beam Trolley,Clamps & Trolleys,Liverpool,2026-04-22,2026-05-10,2026-05-10,2026-05-12,11.42,18,0
LG102107,Calder Fabrications,Shackle Set,Slings & Rigging,Bristol,2026-05-10,2026-05-17,,,2.78,7,0
LG101773,Clyde Shipping Supplies,Vacuum Lifter,Handling,Manchester,2026-04-14,2026-05-07,2026-05-05,2026-05-08,37.53,21,0
LG101223,Lakeland Events,Webbing Sling,Slings & Rigging,Newcastle,2026-04-03,2026-05-11,2026-05-11,2026-05-19,4.16,38,0
LG100224,Clyde Shipping Supplies,Shackle Set,Slings & Rigging,Manchester,2025-11-17,2025-12-04,2025-12-04,2025-12-05,3.44,17,0
LG101678,Severn Plant Hire,Webbing Sling,Slings & Rigging,Sheffield,2026-02-25,2026-03-03,2026-03-02,2026-03-03,3.75,5,0
LG100718,Ashby Construction,Shackle Set,Slings & Rigging,Liverpool,2026-03-15,2026-04-05,2026-04-07,2026-04-07,2.92,23,0
LG101417,Stanley Mechanical,Beam Clamp,Clamps & Trolleys,Bristol,2025-11-30,2025-12-11,,2025-12-13,7.98,11,0
LG100011,Mersey Marine Services,Pallet Truck,Handling,Bristol,2026-05-24,2026-06-30,2026-06-28,2026-06-30,7.45,35,0
LG101373,Lakeland Events,Load Cell,Testing,Nottingham,2026-01-24,2026-02-05,2026-02-04,2026-02-07,9.85,11,0
LG101720,Cheshire Logistics,Pallet Truck,Handling,Manchester,2025-12-23,2026-02-01,2026-02-02,2026-02-03,7.32,41,0
LG102092,Northern Steelworks,Webbing Sling,Slings & Rigging,Cardiff,2026-06-23,2026-07-25,2026-07-23,2026-07-24,4.1,30,177.27
LG102335,Humber Port Services,Beam Clamp,Clamps & Trolleys,Sheffield,2025-12-15,2026-01-05,2026-01-07,2026-01-07,6.56,23,0
LG100183,Wessex Scaffolding,Wire Rope Sling,Slings & Rigging,Bristol,2026-05-14,2026-06-07,,2026-06-16,5.68,24,0
LG101441,Mersey Marine Services,Vacuum Lifter,Handling,Liverpool,2026-04-30,2026-05-05,2026-05-06,2026-05-07,39.34,6,0
LG102084,Lakeland Events ,Chain Hoist,Hoists,Glasgow,2026-04-21,2026-05-01,2026-05-01,2026-05-02,20.11,10,0
LG100358,Oakwood Joinery,Wire Rope Sling,Slings & Rigging,Leeds,2026-05-29,2026-06-29,2026-06-29,2026-07-14,6.35,31,0
LG101345,Trent Warehousing,Wire Rope Sling,Slings & Rigging,Glasgow,2026-07-20,2026-08-04,2026-08-04,2026-08-04,6.24,15,0
LG102169,Trent Warehousing ,Lever Hoist,Hoists,Cardiff,2026-01-16,2026-02-18,2026-02-18,2026-02-21,8.63,33,0
LG102039,Lakeland Events,Beam Clamp,Clamps & Trolleys,Birmingham,2026-06-30,2026-07-14,2026-07-13,2026-07-16,7.98,13,0
LG101912,Redline Roofing,Engine Crane,Cranes & Gantries,Bristol,2026-08-05,2026-08-16,2026-08-16,2026-08-19,13.86,11,0
LG100536,Tyne Offshore,Pallet Truck,Handling,Glasgow,2026-03-19,2026-04-01,2026-04-02,2026-04-04,8.66,14,0
LG100050,Ashby Construction,Webbing Sling,Slings & Rigging,Sheffield,2026-05-31,2026-06-29,2026-06-29,2026-07-02,3.79,29,0
LG101684,Redline Roofing,Beam Trolley,Clamps & Trolleys,Nottingham,2026-03-12,2026-04-06,2026-04-05,2026-04-05,10.31,24,0
LG101469,Trent Warehousing,Gantry Crane,Cranes & Gantries,Nottingham,2026-03-09,2026-03-13,2026-03-12,2026-03-13,67.89,3,0
LG102174,Northern Steelworks ,Wire Rope Sling,Slings & Rigging,Glasgow,2026-05-02,2026-05-18,2026-05-16,2026-05-17,6.06,14,0
LG100481,Ashby Construction,Wire Rope Sling,Slings & Rigging,Nottingham,2026-03-07,2026-04-10,2026-04-10,2026-04-11,5.43,34,0
LG102240,Calder Fabrications,Chain Hoist,Hoists,Sheffield,2025-10-10,2025-11-19,2025-11-20,2025-11-20,18.22,41,0
LG100724,Trent Warehousing,Webbing Sling,Slings & Rigging,Cardiff,2025-11-08,2025-11-16,2025-11-17,2025-11-19,4.0,9,0
LG102349,Dee Valley Contractors,Beam Clamp,Clamps & Trolleys,Sheffield,2026-07-23,2026-08-03,2026-08-02,2026-08-03,7.07,10,0
LG100792,Wessex Scaffolding,Lever Hoist,Hoists,Glasgow,2026-04-28,2026-05-02,2026-05-04,2026-05-04,8.62,6,0
LG101363,Humber Port Services,Webbing Sling,Slings & Rigging,Birmingham,2026-02-16,2026-03-14,,2026-03-22,4.46,26,0
LG101605,Severn Plant Hire,Wire Rope Sling,Slings & Rigging,Leeds,2026-07-25,2026-07-30,2026-07-31,2026-08-01,5.6,6,145.65
LG100101,Trent Warehousing,Webbing Sling,Slings & Rigging,Nottingham,2026-07-02,2026-07-26,2026-07-26,2026-07-28,4.54,24,243.46
LG101411,Ashby Construction,Beam Trolley,Clamps & Trolleys,Birmingham,2026-04-04,2026-04-12,2026-04-14,2026-04-15,11.34,10,0
LG101973,Redline Roofing,Chain Hoist,Hoists,Nottingham,2025-11-23,2025-12-06,2025-12-06,2025-12-08,19.03,13,0
LG102358,Calder Fabrications,Beam Clamp,Clamps & Trolleys,Leeds,2026-04-11,2026-04-19,2026-04-20,2026-04-23,7.66,9,0
LG102147,Lakeland Events,Webbing Sling,Slings & Rigging,Newcastle,2026-02-21,2026-03-04,2026-03-04,2026-03-04,4.45,11,0
LG100152,Tyne Offshore,Vacuum Lifter,Handling,Liverpool,2025-11-28,2025-12-11,2025-12-09,2025-12-12,45.65,11,0
LG101264,Dee Valley Contractors,Chain Hoist,Hoists,Bristol,2026-05-13,2026-05-16,2026-05-16,2026-05-19,17.25,3,0
LG102300,Wessex Scaffolding,Wire Rope Sling,Slings & Rigging,Sheffield,2026-03-22,2026-04-21,2026-04-21,2026-04-22,5.9,30,0
LG100192,Northern Steelworks,Vacuum Lifter,Handling,Liverpool,2025-11-20,2025-12-06,2025-12-04,2025-12-05,42.26,14,0
LG101737,Tyne Offshore,Webbing Sling,Slings & Rigging,Glasgow,2026-01-16,2026-01-27,2026-01-29,2026-01-29,4.58,13,193.01
LG100738,Cheshire Logistics,Wire Rope Sling,Slings & Rigging,Glasgow,2025-11-16,2025-11-25,2025-11-24,2025-11-27,5.4,8,393.72
LG102388,Mersey Marine Services ,Shackle Set,Slings & Rigging,Newcastle,2026-06-19,2026-07-02,2026-07-04,2026-07-04,3.01,15,0
LG100979,Brunel Rail Services,Lever Hoist,Hoists,Sheffield,2025-11-16,2025-12-21,2025-12-21,2025-12-24,8.27,35,0
LG101588,Northern Steelworks,Chain Hoist,Hoists,Glasgow,2026-01-07,2026-01-11,2026-01-11,2026-01-13,19.44,4,0
LG100484,Dee Valley Contractors,Webbing Sling,Slings & Rigging,Manchester,2026-08-02,2026-09-04,,,3.89,33,0
LG101751,Severn Plant Hire,Lever Hoist,Hoists,Bristol,2026-07-03,2026-07-06,2026-07-05,2026-07-08,10.29,2,0
LG101546,Redline Roofing,Beam Trolley,Clamps & Trolleys,Liverpool,2026-03-26,2026-04-01,2026-03-30,2026-04-13,11.67,4,0
LG100829,Ashby Construction,Gantry Crane,Cranes & Gantries,Nottingham,2026-03-26,2026-05-04,2026-05-03,2026-05-19,66.66,38,0
LG100266,Highland Civil Eng,Beam Clamp,Clamps & Trolleys,Bristol,2025-12-10,2025-12-19,2025-12-19,2025-12-19,7.88,9,0
LG102237,Trent Warehousing,Lever Hoist,Hoists,Liverpool,2025-11-18,2025-12-11,2025-12-12,2025-12-13,10.31,24,0
LG100300,Ashby Construction,Chain Hoist,Hoists,Liverpool,2026-06-15,2026-07-02,2026-07-04,2026-07-06,20.45,19,0
LG100745,Tyne Offshore,Shackle Set,Slings & Rigging,Birmingham,2025-10-05,2025-10-18,2025-10-19,2025-10-22,3.03,14,0
LG101407,Mersey Marine Services,Wire Rope Sling,Slings & Rigging,Leeds,2026-01-12,2026-02-13,2026-02-14,2026-02-15,5.54,33,0
LG101836,Lakeland Events,Wire Rope Sling,Slings & Rigging,Nottingham,2026-02-04,2026-02-24,2026-02-24,2026-02-26,6.72,20,0
LG101997,Brunel Rail Services,Chain Hoist,Hoists,Glasgow,2026-07-10,2026-08-01,2026-07-31,2026-08-21,18.55,21,0
LG102122,Tyne Offshore,Lever Hoist,Hoists,Manchester,2026-07-14,2026-07-20,2026-07-19,2026-07-20,9.05,5,0
LG100676,Oakwood Joinery,Lever Hoist,Hoists,Nottingham,2025-10-13,2025-11-15,2025-11-13,2025-11-14,8.34,31,0
LG100907,Ashby Construction,Webbing Sling,Slings & Rigging,Newcastle,2026-05-02,2026-05-10,2026-05-12,2026-05-15,3.79,10,0
LG100716,Brunel Rail Services,Beam Clamp,Clamps & Trolleys,Liverpool,2026-08-09,2026-09-08,2026-09-07,2026-09-07,6.59,29,0
LG100763,Mersey Marine Services,Beam Clamp,Clamps & Trolleys,Bristol,2026-06-14,2026-07-13,2026-07-14,2026-07-15,7.04,30,0
LG100855,Northern Steelworks,Beam Clamp,Clamps & Trolleys,Leeds,2025-11-15,2025-12-09,2025-12-08,2025-12-10,7.08,23,0
LG101388,Redline Roofing,Lever Hoist,Hoists,Liverpool,2026-01-27,2026-02-13,2026-02-14,2026-02-15,9.65,18,0
LG100506,Redline Roofing,Shackle Set,Slings & Rigging,Manchester,2025-11-26,2025-12-11,2025-12-10,2025-12-11,2.71,14,0
LG101393,Pennine Builders,Beam Trolley,Clamps & Trolleys,Glasgow,2026-01-12,2026-01-28,2026-01-28,2026-01-31,10.08,16,0
LG101448,Trent Warehousing,Load Cell,Testing,Newcastle,2026-06-03,2026-07-06,2026-07-06,2026-07-09,10.99,33,0
LG100551,Humber Port Services,Beam Clamp,Clamps & Trolleys,Glasgow,2026-08-02,2026-08-10,2026-08-10,2026-08-10,7.22,8,0
LG102204,Tyne Offshore,Webbing Sling,Slings & Rigging,Birmingham,2025-10-23,2025-11-10,2025-11-11,2025-11-11,4.49,19,0
LG101744,Granite Structures,Lever Hoist,Hoists,LIVERPOOL,2026-01-11,2026-01-25,,,9.61,14,0
LG100320,Dee Valley Contractors,Shackle Set,Slings & Rigging,Bristol,2026-03-30,2026-04-08,2026-04-09,2026-04-09,3.13,10,0
LG100853,Trent Warehousing,Shackle Set,Slings & Rigging,Leeds,2026-08-10,2026-08-27,2026-08-27,2026-09-14,3.18,17,0
LG102248,Humber Port Services,Lever Hoist,Hoists,Manchester,2026-03-19,2026-04-12,2026-04-13,2026-04-14,8.65,25,0
LG101524,Humber Port Services,Shackle Set,Slings & Rigging,Birmingham,2025-11-10,2025-11-22,2025-11-24,2025-11-26,3.25,14,0
LG101291,Clyde Shipping Supplies,Webbing Sling,Slings & Rigging,Newcastle,2026-05-28,2026-06-17,2026-06-19,2026-06-19,4.47,22,0
LG101287,Stanley Mechanical,Beam Trolley,Clamps & Trolleys,Newcastle,2026-02-06,2026-02-11,2026-02-11,2026-02-14,11.23,5,0
LG101596,Calder Fabrications,Lever Hoist,Hoists,Manchester,2025-10-26,2025-11-17,2025-11-17,2025-11-17,9.95,22,0
LG101755,Wessex Scaffolding,Chain Hoist,Hoists,Sheffield,2025-12-09,2026-01-12,2026-01-12,2026-01-12,19.63,34,0
LG101000,Brunel Rail Services,Chain Hoist,Hoists,Manchester,2025-12-20,2026-01-24,2026-01-26,2026-01-29,20.02,37,0
LG102047,Brunel Rail Services,Shackle Set,Slings & Rigging,Manchester,2026-03-16,2026-03-30,2026-03-30,2026-03-31,2.72,14,0
LG100122,Humber Port Services,Lever Hoist,Hoists,Glasgow,2026-06-23,2026-07-25,2026-07-27,2026-07-28,8.21,34,0
LG101929,Northern Steelworks,Webbing Sling,Slings & Rigging,Bristol,2026-01-04,2026-01-20,2026-01-20,2026-01-20,3.79,16,0
LG101763,Granite Structures,Chain Hoist,Hoists,Leeds,2026-06-09,2026-06-18,2026-06-19,2026-06-28,17.98,10,0
LG100082,Severn Plant Hire,Webbing Sling,Slings & Rigging,Sheffield,2025-10-27,2025-11-04,2025-11-02,2025-11-21,4.23,6,0
LG102065,Cheshire Logistics,Lever Hoist,Hoists,Manchester,2026-07-01,2026-08-09,2026-08-10,2026-08-11,8.26,40,0
LG102375,Northern Steelworks,Webbing Sling,Slings & Rigging,Nottingham,2025-10-18,2025-10-26,2025-10-26,2025-10-27,4.58,8,0
LG100028,Severn Plant Hire,Webbing Sling,Slings & Rigging,Nottingham,2026-07-11,2026-07-14,2026-07-14,2026-07-16,4.28,3,0
LG100942,Humber Port Services,Webbing Sling,Slings & Rigging,Newcastle,2026-07-27,2026-08-17,2026-08-15,2026-08-15,4.06,19,0
LG101025,Pennine Builders,Beam Clamp,Clamps & Trolleys,Leeds,2025-12-28,2026-01-08,2026-01-08,2026-01-11,6.48,11,0
LG101791,Trent Warehousing,Wire Rope Sling,Slings & Rigging,Newcastle,2025-10-29,2025-11-16,2025-11-16,2025-11-16,5.77,18,0
LG100090,Severn Plant Hire,Gantry Crane,Cranes & Gantries,Newcastle,2026-04-27,2026-05-09,2026-05-08,2026-05-09,73.54,11,0
LG101330,Ashby Construction,Webbing Sling,Slings & Rigging,Liverpool,2026-01-20,2026-01-27,2026-01-26,2026-01-26,4.32,6,0
LG102301,Northern Steelworks,Shackle Set,Slings & Rigging,Cardiff,2026-04-01,2026-04-25,,2026-05-03,3.3,24,0
LG101495,Calder Fabrications,Shackle Set,Slings & Rigging,Cardiff,2026-03-25,2026-05-01,2026-05-02,2026-05-23,3.22,38,0
LG101672,Trent Warehousing,Webbing Sling,Slings & Rigging,Sheffield,2026-05-16,2026-05-20,2026-05-22,2026-05-24,3.89,6,0
LG102325,Calder Fabrications,Vacuum Lifter,Handling,Nottingham,2026-05-12,2026-05-29,2026-05-27,2026-05-29,38.24,15,0
LG101927,Lakeland Events,Pallet Truck,Handling,Leeds,2025-10-24,2025-11-01,2025-11-01,2025-11-04,8.03,8,0
LG100424,Cheshire Logistics,Chain Hoist,Hoists,Bristol,2026-01-06,2026-01-27,2026-01-29,2026-01-31,17.81,23,0
LG101016,Tyne Offshore,Webbing Sling,Slings & Rigging,Nottingham,2025-11-24,2025-11-29,2025-12-01,2025-12-04,4.5,7,0
LG101821,Ashby Construction,Beam Clamp,Clamps & Trolleys,Cardiff,2025-10-19,2025-11-03,2025-11-03,2025-11-05,6.58,15,0
LG102315,Stanley Mechanical,Beam Trolley,Clamps & Trolleys,Glasgow,2026-06-24,2026-08-02,2026-07-31,2026-07-31,12.06,37,0
LG102012,Redline Roofing,Wire Rope Sling,Slings & Rigging,Manchester,2025-12-06,2026-01-08,2026-01-09,2026-01-12,5.72,34,0
LG100489,Lakeland Events,Beam Clamp,Clamps & Trolleys,Liverpool,2025-11-30,2025-12-11,2025-12-13,2025-12-15,8.01,13,0
LG101878,Mersey Marine Services,Chain Hoist,Hoists,Newcastle,2026-07-14,2026-07-19,2026-07-19,2026-07-21,18.81,5,0
LG100047,Granite Structures,Lever Hoist,Hoists,Manchester,2025-10-17,2025-11-10,2025-11-11,2025-11-12,8.26,25,0
LG100634,Redline Roofing,Wire Rope Sling,Slings & Rigging,Birmingham,2025-11-08,2025-12-02,2025-12-02,2025-12-04,6.31,24,133.61
LG101507,Calder Fabrications,Shackle Set,Slings & Rigging,Birmingham,2026-08-10,2026-09-14,2026-09-14,2026-09-14,3.0,35,282.08
LG101934,Dee Valley Contractors,Chain Hoist,Hoists,Cardiff,2025-12-27,2026-01-29,2026-01-30,2026-02-02,18.27,34,0
LG101278,Dee Valley Contractors,Chain Hoist,Hoists,Newcastle,2026-02-19,2026-03-31,2026-03-29,2026-04-01,16.74,38,0
LG101812,Highland Civil Eng,Load Cell,Testing,Bristol,2026-06-30,2026-07-30,2026-07-28,2026-07-30,11.34,28,0
LG101208,Trent Warehousing,Webbing Sling,Slings & Rigging,Glasgow,2025-11-21,2025-12-14,2025-12-13,2025-12-14,3.96,22,0
LG100801,Highland Civil Eng,Webbing Sling,Slings & Rigging,Bristol,2026-03-11,2026-04-08,2026-04-08,2026-04-09,4.3,28,0
LG100912,Northern Steelworks,Chain Hoist,Hoists,Glasgow,2025-10-26,2025-11-21,2025-11-23,2025-11-26,19.37,28,0
LG101433,Humber Port Services,Chain Hoist,Hoists,Sheffield,2026-02-18,2026-03-14,2026-03-15,2026-03-15,18.57,25,0
LG101358,Northern Steelworks,Lever Hoist,Hoists,Newcastle,2026-07-03,2026-07-19,2026-07-19,2026-07-20,8.56,16,0
LG100779,Northern Steelworks,Pallet Truck,Handling,Sheffield,2025-12-25,2026-01-20,2026-01-20,2026-01-20,7.51,26,0
LG101047,Humber Port Services,Shackle Set,Slings & Rigging,Liverpool,2026-08-05,2026-08-20,2026-08-20,2026-08-20,3.28,15,0
LG100631,Ashby Construction,Webbing Sling,Slings & Rigging,Liverpool,2026-04-18,2026-05-25,2026-05-24,2026-05-24,3.93,36,0
LG101906,Mersey Marine Services,Pallet Truck,Handling,Newcastle,2025-11-06,2025-12-14,2025-12-14,2025-12-15,9.1,38,0
LG101797,Trent Warehousing,Chain Hoist,Hoists,Liverpool,2026-03-12,2026-04-08,2026-04-06,2026-04-06,18.77,25,0
LG101464,Calder Fabrications,Beam Trolley,Clamps & Trolleys,Cardiff,2026-06-25,2026-07-05,2026-07-06,2026-07-06,9.91,11,0
LG102132,Granite Structures,Lever Hoist,Hoists,Cardiff,2025-10-04,2025-10-30,2025-10-30,2025-11-01,8.12,26,0
LG100640,Calder Fabrications,Webbing Sling,Slings & Rigging,Birmingham,2026-04-13,2026-04-25,2026-04-23,2026-04-25,4.34,10,0
LG102124,Oakwood Joinery,Beam Clamp,Clamps & Trolleys,Sheffield,2026-05-28,2026-06-21,2026-06-21,2026-06-24,7.79,24,0
LG102036,Northern Steelworks,Beam Clamp,Clamps & Trolleys,Nottingham,2026-07-14,2026-07-22,2026-07-22,2026-07-23,6.64,8,0
LG100544,Dee Valley Contractors,Beam Clamp,Clamps & Trolleys,Manchester,2026-05-27,2026-06-18,2026-06-19,2026-06-19,6.58,23,0
LG101460,Highland Civil Eng,Webbing Sling,Slings & Rigging,Nottingham,2025-11-27,2025-12-23,2025-12-21,2025-12-21,4.38,24,0
LG100886,Severn Plant Hire,Chain Hoist,Hoists,Bristol,2025-10-18,2025-11-22,2025-11-22,2025-11-23,18.77,35,0
LG100951,Stanley Mechanical,Wire Rope Sling,Slings & Rigging,Leeds,2025-11-15,2025-11-26,2025-11-26,2025-11-29,6.32,11,0
LG100711,Tyne Offshore,Pallet Truck,Handling,Bristol,2025-10-17,2025-11-17,2025-11-15,2025-11-15,7.73,29,0
LG101859,Lakeland Events,Webbing Sling,Slings & Rigging,Cardiff,2026-04-20,2026-05-17,2026-05-16,2026-05-23,4.54,26,0
LG101257,Highland Civil Eng,Shackle Set,Slings & Rigging,Glasgow,2026-08-10,2026-08-30,2026-09-01,2026-09-02,2.91,22,0
LG100600,Redline Roofing,Shackle Set,Slings & Rigging,Bristol,2026-07-27,2026-09-05,2026-09-04,2026-09-07,3.24,39,0
LG101724,Severn Plant Hire,Chain Hoist,Hoists,Newcastle,2026-02-27,2026-04-04,2026-04-03,2026-04-04,19.08,35,0
LG102277,Cheshire Logistics,Chain Hoist,Hoists,Leeds,2025-11-17,2025-12-14,2025-12-12,2025-12-13,17.99,25,0
LG101021,Humber Port Services,Wire Rope Sling,Slings & Rigging,Sheffield,2026-07-29,2026-09-02,2026-09-02,2026-09-05,5.6,35,0
LG101481,Oakwood Joinery,Beam Trolley,Clamps & Trolleys,Glasgow,2026-07-01,2026-07-09,2026-07-09,2026-07-09,12.58,8,0
LG100488,Brunel Rail Services,Webbing Sling,Slings & Rigging,Cardiff,2026-04-24,2026-04-30,2026-04-30,2026-05-03,4.17,6,0
LG100464,Highland Civil Eng,Webbing Sling,Slings & Rigging,Birmingham,2026-07-10,2026-07-30,2026-07-30,2026-07-31,3.73,20,0
LG102227,Cheshire Logistics,Chain Hoist,Hoists,LEEDS,2026-06-20,2026-06-29,2026-06-30,2026-07-01,19.87,10,0
LG101244,Stanley Mechanical,Beam Clamp,Clamps & Trolleys,Manchester,2026-03-16,2026-04-18,2026-04-18,2026-04-19,7.12,33,0
LG101586,Oakwood Joinery,Lever Hoist,Hoists,Glasgow,2025-10-21,2025-11-17,2025-11-17,2025-11-19,9.59,27,0
LG102168,Highland Civil Eng,Load Cell,Testing,Nottingham,2025-10-05,2025-10-27,2025-10-27,2025-10-27,9.7,22,0
LG102054,Calder Fabrications,Wire Rope Sling,Slings & Rigging,Newcastle,2026-04-27,2026-05-04,2026-05-03,2026-05-03,6.13,6,0
LG100665,Redline Roofing,Chain Hoist,Hoists,Sheffield,2026-03-05,2026-03-23,2026-03-23,2026-03-23,17.34,18,0
LG101732,Dee Valley Contractors,Pallet Truck,Handling,Nottingham,2026-07-10,2026-07-20,2026-07-18,2026-07-18,8.03,8,0
LG100295,Pennine Builders,Pallet Truck,Handling,Bristol,2025-12-14,2025-12-25,2025-12-23,2025-12-23,8.28,9,0
LG101254,Cheshire Logistics,Wire Rope Sling,Slings & Rigging,Glasgow,2026-07-15,2026-08-14,2026-08-15,2026-08-18,5.99,31,0
LG102094,Tyne Offshore,Lever Hoist,Hoists,Cardiff,2025-11-11,2025-12-20,2025-12-19,2025-12-22,9.92,38,0
LG101464,Calder Fabrications,Beam Trolley,Clamps & Trolleys,Cardiff,2026-06-25,2026-07-05,2026-07-06,2026-07-06,9.91,11,0
LG100248,Cheshire Logistics,Lever Hoist,Hoists,Sheffield,2026-03-03,2026-03-07,2026-03-07,2026-03-10,8.2,4,0
LG101299,Calder Fabrications,Chain Hoist,Hoists,Newcastle,2026-06-25,2026-07-02,2026-07-01,2026-07-02,16.4,6,0
LG101184,Brunel Rail Services,Lever Hoist,Hoists,Bristol,2026-06-17,2026-06-26,2026-06-26,2026-06-28,9.36,9,0
LG100947,Oakwood Joinery,Pallet Truck,Handling,Birmingham,2026-04-14,2026-05-20,2026-05-22,2026-05-23,7.8,38,0
LG101680,Tyne Offshore,Pallet Truck,Handling,Leeds,2025-12-18,2025-12-31,2025-12-31,2026-01-03,7.68,13,0
LG102259,Clyde Shipping Supplies,Lever Hoist,Hoists,CARDIFF,2026-05-14,2026-06-13,2026-06-15,2026-06-18,9.24,32,169.92
LG100443,Calder Fabrications,Webbing Sling,Slings & Rigging,Cardiff,2026-02-20,2026-03-10,,,4.56,18,0
LG101156,Granite Structures,Shackle Set,Slings & Rigging,Liverpool,2026-06-24,2026-06-27,2026-06-29,2026-07-01,2.98,5,0
LG100051,Mersey Marine Services,Chain Hoist,Hoists,Birmingham,2026-03-23,2026-04-01,2026-04-01,2026-04-02,17.32,9,0
LG100624,Brunel Rail Services,Vacuum Lifter,Handling,Liverpool,2025-11-18,2025-12-24,2025-12-26,2025-12-29,45.19,38,0
LG100367,Wessex Scaffolding,Beam Clamp,Clamps & Trolleys,Nottingham,2025-10-21,2025-11-08,2025-11-08,2025-11-09,7.54,18,0
LG100749,Mersey Marine Services,Engine Crane,Cranes & Gantries,Birmingham,2025-12-11,2025-12-21,2025-12-21,2025-12-22,14.66,10,0
LG101437,,Shackle Set,Slings & Rigging,Sheffield,2026-06-12,2026-07-16,2026-07-15,2026-07-16,3.31,33,44.37
LG102186,Mersey Marine Services,Chain Hoist,Hoists,Leeds,2026-08-05,2026-09-08,2026-09-08,2026-09-09,16.32,34,0
LG101427,Granite Structures,Webbing Sling,Slings & Rigging,Liverpool,2025-11-14,2025-11-20,2025-11-19,2025-11-20,3.71,5,0
LG101628,Redline Roofing,Gantry Crane,Cranes & Gantries,Glasgow,2026-03-16,2026-04-02,2026-04-04,2026-04-05,60.09,19,0
LG102192,Clyde Shipping Supplies,Webbing Sling,Slings & Rigging,BIRMINGHAM,2026-01-14,2026-01-25,2026-01-27,2026-01-30,4.47,13,0
LG101532,Granite Structures,Wire Rope Sling,Slings & Rigging,Sheffield,2026-05-29,2026-07-07,2026-07-09,2026-07-10,6.5,41,274.94
LG100112,Humber Port Services,Lever Hoist,Hoists,Bristol,2026-07-24,2026-08-16,2026-08-15,2026-08-16,9.15,22,0
LG100503,Pennine Builders,Wire Rope Sling,Slings & Rigging,Liverpool,2026-07-24,2026-09-01,2026-09-01,2026-09-04,5.74,39,0
LG101396,Oakwood Joinery,Wire Rope Sling,Slings & Rigging,Cardiff,2025-10-22,2025-11-18,2025-11-19,2025-11-19,6.48,28,0
LG102273,Pennine Builders,Load Cell,Testing,Cardiff,2026-03-28,2026-05-02,2026-05-02,2026-05-05,10.77,35,0
LG100660,Cheshire Logistics,Vacuum Lifter,Handling,Liverpool,2026-01-01,2026-02-08,2026-02-09,2026-02-11,36.27,39,0
LG100851,Ashby Construction,Webbing Sling,Slings & Rigging,Cardiff,2026-02-28,2026-03-11,,2026-03-19,3.78,11,0
LG101031,Severn Plant Hire,Beam Clamp,Clamps & Trolleys,Nottingham,2026-01-11,2026-01-27,2026-01-27,2026-01-28,7.39,16,0
LG100058,Clyde Shipping Supplies,Wire Rope Sling,Slings & Rigging,Cardiff,2026-01-18,2026-02-15,2026-02-13,2026-02-15,6.75,26,0
LG101759,Dee Valley Contractors,Wire Rope Sling,Slings & Rigging,Bristol,2026-03-09,2026-04-09,2026-04-11,2026-04-11,5.74,33,0
LG100797,Cheshire Logistics,Chain Hoist,Hoists,Bristol,2026-06-29,2026-07-17,2026-07-16,2026-07-16,18.09,17,92.71
LG101007,Clyde Shipping Supplies,Chain Hoist,Hoists,Newcastle,2026-06-12,2026-06-16,2026-06-16,2026-06-16,16.66,4,0
LG100623,Trent Warehousing,Wire Rope Sling,Slings & Rigging,Birmingham,2026-04-12,2026-05-20,2026-05-21,2026-05-24,6.11,39,0
LG102266,Dee Valley Contractors,Lever Hoist,Hoists,Glasgow,2026-01-06,2026-01-09,2026-01-10,2026-01-13,8.13,4,0
LG101659,Trent Warehousing,Lever Hoist,Hoists,Newcastle,2025-11-28,2025-12-31,2026-01-02,2026-01-03,9.76,35,0
LG100905,Oakwood Joinery,Pallet Truck,Handling,Newcastle,2026-03-05,2026-03-27,2026-03-28,2026-03-29,7.76,23,0
LG100959,Lakeland Events,Chain Hoist,Hoists,Leeds,2026-06-15,2026-07-25,2026-07-23,2026-07-25,17.58,38,0
LG101789,Dee Valley Contractors,Chain Hoist,Hoists,Manchester,2026-04-06,2026-05-01,2026-05-03,2026-05-05,19.84,27,0
LG100207,Granite Structures,Vacuum Lifter,Handling,Manchester,2026-02-15,2026-03-26,2026-03-26,2026-03-29,36.4,39,0
LG101268,Redline Roofing,Beam Clamp,Clamps & Trolleys,Sheffield,2025-10-17,2025-11-10,2025-11-09,2025-11-28,6.44,23,0
LG102112,Humber Port Services,Shackle Set,Slings & Rigging,Sheffield,2026-07-28,2026-08-12,,2026-08-17,2.78,15,0
LG101595,Highland Civil Eng,Lever Hoist,Hoists,Liverpool,2025-11-06,2025-11-11,2025-11-09,2025-11-09,9.75,3,0
LG100948,Granite Structures,Webbing Sling,Slings & Rigging,Leeds,2026-01-01,2026-01-09,2026-01-08,2026-01-08,4.09,7,106.05
LG102152,Cheshire Logistics,Webbing Sling,Slings & Rigging,Sheffield,2026-04-24,2026-06-03,2026-06-02,2026-06-03,4.25,39,0
LG102117,Dee Valley Contractors,Webbing Sling,Slings & Rigging,Bristol,2026-06-04,2026-07-05,2026-07-03,2026-07-05,3.79,29,0
LG101884,Stanley Mechanical,Shackle Set,Slings & Rigging,Bristol,2026-02-13,2026-03-21,2026-03-21,2026-03-24,2.93,36,0
LG100527,Ashby Construction,Beam Trolley,Clamps & Trolleys,Glasgow,2026-02-25,2026-03-20,,2026-03-25,10.68,23,0
LG100789,Stanley Mechanical,Webbing Sling,Slings & Rigging,Manchester,2026-02-27,2026-04-07,2026-04-06,2026-04-09,4.38,38,0
LG101095,Tyne Offshore,Lever Hoist,Hoists,Birmingham,2026-07-25,2026-08-28,2026-08-29,2026-08-29,10.24,35,0
LG101419,Pennine Builders,Shackle Set,Slings & Rigging,Manchester,2026-06-10,2026-06-28,2026-06-28,2026-06-28,2.86,18,0
LG101592,Highland Civil Eng,Webbing Sling,Slings & Rigging,Manchester,2026-03-22,2026-03-27,2026-03-28,2026-03-31,4.01,6,0
LG101390,Cheshire Logistics,Lever Hoist,Hoists,Newcastle,2026-04-17,2026-05-21,2026-05-20,2026-06-08,9.17,33,0
LG100138,Ashby Construction,Shackle Set,Slings & Rigging,Liverpool,2026-04-20,2026-05-30,,2026-06-03,3.12,40,0
LG100461,Clyde Shipping Supplies,Load Cell,Testing,Nottingham,2025-10-29,2025-11-08,2025-11-07,2025-11-08,10.3,9,0
LG100514,Dee Valley Contractors,Webbing Sling,Slings & Rigging,Sheffield,2026-03-28,2026-05-05,2026-05-05,2026-05-08,4.53,38,0
LG100659,Tyne Offshore,Beam Trolley,Clamps & Trolleys,Bristol,2026-06-09,2026-07-18,2026-07-18,2026-07-21,12.05,39,0
LG100275,Dee Valley Contractors,Webbing Sling,Slings & Rigging,Nottingham,2026-04-21,2026-04-24,2026-04-24,2026-04-26,3.86,3,0
LG100231,Pennine Builders,Pallet Truck,Handling,Sheffield,2026-05-17,2026-06-23,2026-06-25,2026-06-28,8.17,39,0
LG102027,Oakwood Joinery,Shackle Set,Slings & Rigging,Sheffield,2026-07-17,2026-08-17,2026-08-17,2026-08-18,3.38,31,0
LG101133,Severn Plant Hire,Beam Clamp,Clamps & Trolleys,Sheffield,2026-06-03,2026-06-19,2026-06-19,2026-06-26,7.33,16,0
LG100554,Oakwood Joinery,Shackle Set,Slings & Rigging,Glasgow,2025-12-16,2025-12-29,2025-12-27,2025-12-30,2.95,11,0
LG101327,Mersey Marine Services,Load Cell,Testing,Liverpool,2025-12-19,2025-12-28,2025-12-27,2025-12-28,9.09,8,0
LG100512,Tyne Offshore,Shackle Set,Slings & Rigging,Newcastle,2026-02-13,2026-03-18,2026-03-18,2026-03-20,2.84,33,0
LG101776,Wessex Scaffolding,Wire Rope Sling,Slings & Rigging,Sheffield,2026-02-11,2026-03-20,2026-03-20,2026-04-08,5.92,37,201.61
LG101188,Brunel Rail Services,Webbing Sling,Slings & Rigging,Birmingham,2026-04-14,2026-05-01,2026-05-01,2026-05-03,4.28,17,0
LG101046,Dee Valley Contractors,Vacuum Lifter,Handling,Newcastle,2025-10-28,2025-10-31,2025-11-02,2025-11-05,43.44,5,0
LG101403,Oakwood Joinery,Gantry Crane,Cranes & Gantries,Bristol,2026-02-24,2026-03-28,2026-03-26,2026-03-27,61.21,30,0
LG101129,Calder Fabrications,Beam Clamp,Clamps & Trolleys,Nottingham,2026-01-17,2026-01-29,2026-01-30,2026-01-31,6.63,13,0
LG101239,Northern Steelworks,Shackle Set,Slings & Rigging,Bristol,2025-11-13,2025-12-10,2025-12-10,2025-12-11,2.93,27,0
LG102068,Trent Warehousing,Shackle Set,Slings & Rigging,Glasgow,2026-03-12,2026-04-05,2026-04-06,2026-04-07,3.18,25,0
LG101564,Cheshire Logistics,Chain Hoist,Hoists,Liverpool,2026-07-17,2026-07-31,2026-07-31,2026-07-31,20.23,14,0
LG100173,Trent Warehousing,Wire Rope Sling,Slings & Rigging,Glasgow,2026-02-02,2026-02-24,2026-02-24,2026-02-27,6.4,22,0
LG100975,Granite Structures,Chain Hoist,Hoists,Leeds,2026-06-12,2026-06-28,2026-06-27,2026-07-14,19.3,15,0
LG102197,Dee Valley Contractors,Load Cell,Testing,Newcastle,2026-06-09,2026-07-11,,,10.16,32,0
LG100440,Dee Valley Contractors,Webbing Sling,Slings & Rigging,NEWCASTLE,2026-07-18,2026-07-23,2026-07-23,2026-07-23,4.21,5,0
LG100542,Pennine Builders,Webbing Sling,Slings & Rigging,Bristol,2026-05-17,2026-06-06,2026-06-07,2026-06-09,4.55,21,0
LG101225,Mersey Marine Services,Shackle Set,Slings & Rigging,Glasgow,2026-07-03,2026-07-17,2026-07-17,2026-07-20,3.43,14,0
LG101576,Redline Roofing,Beam Clamp,Clamps & Trolleys,MANCHESTER,2026-02-14,2026-02-26,2026-02-26,2026-03-16,7.53,12,0
LG101012,Stanley Mechanical,Beam Trolley,Clamps & Trolleys,Sheffield,2026-04-05,2026-05-06,2026-05-05,2026-05-17,10.21,30,0
LG100348,Dee Valley Contractors,Chain Hoist,Hoists,Nottingham,2026-03-08,2026-04-01,2026-03-30,2026-03-30,17.2,22,0
LG100037,Stanley Mechanical,Webbing Sling,Slings & Rigging,Manchester,2026-07-18,2026-07-26,2026-07-24,2026-07-25,3.69,6,0
LG102344,Clyde Shipping Supplies,Shackle Set,Slings & Rigging,Manchester,2026-03-22,2026-04-21,2026-04-23,2026-04-23,3.21,32,0
LG101693,Tyne Offshore,Pallet Truck,Handling,Liverpool,2026-05-17,2026-06-11,2026-06-12,2026-06-13,7.38,26,0
LG100216,Tyne Offshore,Beam Clamp,Clamps & Trolleys,Manchester,2026-07-05,2026-08-06,2026-08-06,2026-08-09,7.02,32,0
LG100638,Mersey Marine Services,Webbing Sling,Slings & Rigging,Glasgow,2026-04-11,2026-05-11,2026-05-11,2026-05-13,3.79,30,0
LG100783,Severn Plant Hire,Webbing Sling,Slings & Rigging,Glasgow,2026-05-02,2026-05-25,,,3.87,23,0
LG100872,Lakeland Events,Chain Hoist,Hoists,Birmingham,2026-07-20,2026-08-27,2026-08-27,2026-09-04,19.98,38,0
LG101322,Northern Steelworks,Webbing Sling,Slings & Rigging,Glasgow,2026-07-09,2026-07-28,2026-07-28,2026-08-04,3.96,19,0
LG100882,Redline Roofing,Lever Hoist,Hoists,Liverpool,2025-11-01,2025-11-28,2025-11-28,2025-12-01,9.94,27,0
LG101714,Mersey Marine Services,Beam Clamp,Clamps & Trolleys,Birmingham,2026-02-25,2026-03-26,2026-03-27,2026-03-27,6.61,30,0
LG100965,Ashby Construction,Shackle Set,Slings & Rigging,Manchester,2025-12-26,2026-01-05,2026-01-03,2026-01-05,2.97,8,0
LG101136,Northern Steelworks,Beam Clamp,Clamps & Trolleys,Leeds,2025-10-21,2025-11-29,2025-11-28,2025-12-01,6.56,38,0
LG100191,Ashby Construction,Pallet Truck,Handling,Liverpool,2026-01-24,2026-03-01,2026-03-01,2026-03-04,7.96,36,0
LG101854,Mersey Marine Services,Beam Clamp,Clamps & Trolleys,Liverpool,2026-03-13,2026-04-13,2026-04-13,2026-04-15,7.14,31,0
LG101964,Pennine Builders,Webbing Sling,Slings & Rigging,BRISTOL,2025-12-21,2026-01-04,2026-01-02,2026-01-04,4.43,12,0
LG100835,Granite Structures,Webbing Sling,Slings & Rigging,Cardiff,2025-12-28,2026-01-11,2026-01-12,2026-01-12,3.84,15,0
LG100086,Stanley Mechanical,Shackle Set,Slings & Rigging,Sheffield,2026-05-07,2026-06-14,2026-06-15,2026-06-15,2.71,39,0
LG100374,Mersey Marine Services,Webbing Sling,Slings & Rigging,Leeds,2026-07-26,2026-08-07,2026-08-08,2026-08-11,4.52,13,0
LG101098,Northern Steelworks,Wire Rope Sling,Slings & Rigging,Newcastle,2026-03-18,2026-04-09,2026-04-09,2026-04-11,6.44,22,0
LG101477,Trent Warehousing,Chain Hoist,Hoists,Manchester,2025-10-28,2025-11-05,2025-11-05,2025-11-08,18.12,8,0
LG102370,Mersey Marine Services,Pallet Truck,Handling,Leeds,2026-01-01,2026-01-04,2026-01-02,2026-01-18,8.31,1,0
LG101552,Calder Fabrications,Beam Clamp,Clamps & Trolleys,Nottingham,2025-10-22,2025-10-31,2025-11-02,2025-11-04,7.91,11,0
LG101035,Clyde Shipping Supplies,Pallet Truck,Handling,Cardiff,2026-06-25,2026-07-04,2026-07-05,2026-07-16,7.25,10,0
LG101736,Highland Civil Eng,Pallet Truck,Handling,Leeds,2026-08-02,2026-09-07,2026-09-08,2026-09-08,8.73,37,0
LG101853,Highland Civil Eng,Beam Clamp,Clamps & Trolleys,Leeds,2025-12-09,2025-12-12,2025-12-12,2025-12-12,7.0,3,0
LG101081,Wessex Scaffolding,Beam Trolley,Clamps & Trolleys,Manchester,2025-11-07,2025-12-02,2025-12-04,2025-12-04,12.45,27,0
LG100214,Humber Port Services,Beam Clamp,Clamps & Trolleys,Bristol,2026-04-24,2026-06-01,,,6.36,38,0
LG101653,Humber Port Services,Webbing Sling,Slings & Rigging,Manchester,2026-02-16,2026-03-25,2026-03-26,2026-03-28,4.18,38,0
LG102253,Lakeland Events,Shackle Set,Slings & Rigging,Leeds,2026-01-13,2026-01-31,2026-01-31,2026-02-01,3.08,18,0
LG100521,Pennine Builders,Beam Clamp,Clamps & Trolleys,Nottingham,2025-12-10,2025-12-19,2025-12-18,2026-01-08,7.38,8,0
LG100831,Granite Structures,Shackle Set,Slings & Rigging,Sheffield,2026-07-27,2026-08-13,2026-08-14,2026-08-14,3.43,18,0
LG101160,Redline Roofing,Webbing Sling,Slings & Rigging,Bristol,2026-07-02,2026-08-01,2026-08-02,2026-08-03,4.16,31,0
LG101361,Northern Steelworks,Shackle Set,Slings & Rigging,Cardiff,2026-06-27,2026-07-02,2026-07-01,2026-07-03,2.89,4,0
LG101338,Highland Civil Eng,Beam Clamp,Clamps & Trolleys,Manchester,2026-04-20,2026-05-21,2026-05-19,2026-05-21,7.62,29,0
LG100922,Brunel Rail Services,Chain Hoist,Hoists,Nottingham,2025-10-05,2025-11-07,2025-11-07,2025-11-08,20.3,33,0
LG101617,Ashby Construction,Chain Hoist,Hoists,Bristol,2025-11-27,2025-12-09,2025-12-09,2025-12-10,19.28,12,0
LG101113,Oakwood Joinery,Webbing Sling,Slings & Rigging,Birmingham,2026-06-15,2026-06-18,2026-06-20,2026-06-21,4.26,5,0
LG101916,Trent Warehousing,Shackle Set,Slings & Rigging,Bristol,2026-05-05,2026-05-13,2026-05-13,2026-05-16,3.27,8,0
LG102055,Dee Valley Contractors,Gantry Crane,Cranes & Gantries,Glasgow,2025-12-04,2025-12-26,2025-12-28,2025-12-29,67.73,24,0
LG100202,Oakwood Joinery,Beam Trolley,Clamps & Trolleys,Liverpool,2026-07-19,2026-08-09,2026-08-09,2026-08-11,11.11,21,0
LG100068,Humber Port Services,Load Cell,Testing,Birmingham,2026-07-19,2026-08-06,,,10.45,18,0
LG101670,Highland Civil Eng,Webbing Sling,Slings & Rigging,Leeds,2025-12-15,2026-01-18,2026-01-19,2026-02-01,3.75,35,0
LG100168,Clyde Shipping Supplies,Beam Trolley,Clamps & Trolleys,Glasgow,2026-06-08,2026-07-16,2026-07-17,2026-07-20,11.98,39,0
LG101042,Cheshire Logistics,Beam Trolley,Clamps & Trolleys,Glasgow,2026-07-15,2026-08-11,2026-08-13,2026-08-13,10.55,29,0
LG101405,Northern Steelworks ,Beam Trolley,Clamps & Trolleys,Birmingham,2025-11-27,2025-12-11,2025-12-12,2025-12-15,12.04,15,0
LG101796,Redline Roofing,Chain Hoist,Hoists,Leeds,2026-03-16,2026-03-21,2026-03-21,2026-03-24,18.27,5,0
LG102306,Tyne Offshore,Chain Hoist,Hoists,Liverpool,2026-06-29,2026-07-19,2026-07-18,2026-07-21,20.48,19,0
LG102338,Highland Civil Eng,Webbing Sling,Slings & Rigging,Birmingham,2026-07-21,2026-08-23,2026-08-23,2026-08-26,4.23,33,0
LG102120,Highland Civil Eng,Shackle Set,Slings & Rigging,Bristol,2026-07-05,2026-07-17,2026-07-17,2026-07-17,2.81,12,0
LG100212,Redline Roofing,Beam Clamp,Clamps & Trolleys,Cardiff,2026-06-09,2026-06-17,2026-06-17,2026-06-18,7.12,8,0
LG101820,Cheshire Logistics,Beam Clamp,Clamps & Trolleys,Bristol,2026-01-29,2026-02-26,2026-02-24,2026-02-26,6.72,26,0
LG100155,Ashby Construction,Shackle Set,Slings & Rigging,Birmingham,2026-02-02,2026-02-11,2026-02-12,2026-02-12,3.22,10,0
LG101556,Severn Plant Hire,Beam Clamp,Clamps & Trolleys,Bristol,2026-04-19,2026-05-21,2026-05-22,2026-05-23,7.65,33,0
LG100992,Highland Civil Eng,Chain Hoist,Hoists,Leeds,2026-07-30,2026-09-01,2026-08-31,2026-09-02,19.81,32,0
LG100697,Clyde Shipping Supplies,Shackle Set,Slings & Rigging,Leeds,2026-05-05,2026-05-19,2026-05-20,2026-05-21,3.07,15,0
LG100376,Humber Port Services,Shackle Set,Slings & Rigging,Bristol,2026-03-18,2026-03-29,2026-03-30,2026-03-30,3.2,12,0
LG102165,Highland Civil Eng,Chain Hoist,Hoists,Birmingham,2025-10-20,2025-11-26,2025-11-26,2025-11-28,17.1,37,0
LG102136,Clyde Shipping Supplies,Chain Hoist,Hoists,Glasgow,2026-02-12,2026-02-21,2026-02-21,2026-02-21,16.29,9,0
LG100220,Stanley Mechanical,Shackle Set,Slings & Rigging,Bristol,2026-02-25,2026-03-28,2026-03-26,2026-03-27,3.36,29,0
LG100107,Clyde Shipping Supplies,Wire Rope Sling,Slings & Rigging,Newcastle,2026-03-19,2026-04-11,2026-04-11,2026-04-14,6.4,23,0
LG102276,Granite Structures,Wire Rope Sling,Slings & Rigging,Glasgow,2026-04-04,2026-04-08,2026-04-08,2026-04-09,6.45,4,0
LG101633,Cheshire Logistics,Lever Hoist,Hoists,Bristol,2025-12-05,2025-12-10,,,9.66,5,0
LG100605,Dee Valley Contractors,Beam Clamp,Clamps & Trolleys,Nottingham,2026-03-22,2026-04-10,2026-04-11,2026-04-14,7.64,20,0
LG101063,Wessex Scaffolding,Beam Clamp,Clamps & Trolleys,Birmingham,2026-05-17,2026-06-04,2026-06-04,2026-06-04,7.88,18,0
LG100251,Highland Civil Eng,Beam Clamp,Clamps & Trolleys,Liverpool,2026-01-01,2026-01-14,2026-01-14,2026-01-15,6.61,13,0
LG100474,Calder Fabrications,Vacuum Lifter,Handling,Newcastle,2025-12-06,2026-01-01,2025-12-31,2026-01-02,41.15,25,0
LG102348,Clyde Shipping Supplies,Beam Trolley,Clamps & Trolleys,Glasgow,2026-07-08,2026-08-05,2026-08-07,2026-08-07,10.17,30,0
LG100432,Mersey Marine Services,Beam Clamp,Clamps & Trolleys,Leeds,2026-03-29,2026-04-29,2026-04-29,2026-05-02,6.37,31,0
LG100995,Trent Warehousing,Load Cell,Testing,Sheffield,2025-11-27,2025-12-26,2025-12-27,2025-12-28,10.1,30,0
LG101071,Northern Steelworks,Pallet Truck,Handling,Cardiff,2026-01-14,2026-02-20,2026-02-21,2026-02-21,8.86,38,0
LG100755,Lakeland Events,Beam Trolley,Clamps & Trolleys,Glasgow,2026-03-01,2026-03-07,2026-03-06,2026-03-06,12.06,5,0
LG101970,Calder Fabrications,Beam Clamp,Clamps & Trolleys,Liverpool,2025-10-26,2025-11-26,2025-11-28,2025-11-28,7.7,33,0
LG100288,Highland Civil Eng,Load Cell,Testing,Birmingham,2026-05-21,2026-05-29,2026-05-29,2026-05-29,10.66,8,0
LG101178,Clyde Shipping Supplies,Vacuum Lifter,Handling,Birmingham,2026-04-23,2026-05-18,2026-05-17,2026-05-17,42.7,24,0
LG101381,Cheshire Logistics,Webbing Sling,Slings & Rigging,Leeds,2026-07-13,2026-08-19,2026-08-19,2026-08-20,4.55,37,0
LG100705,Granite Structures,Webbing Sling,Slings & Rigging,Manchester,2026-07-03,2026-07-24,2026-07-25,2026-07-28,3.77,22,0
LG102391,Pennine Builders,Chain Hoist,Hoists,Bristol,2025-11-26,2026-01-03,2026-01-01,2026-01-03,18.03,36,0
LG101436,Granite Structures,Wire Rope Sling,Slings & Rigging,Birmingham,2026-08-06,2026-08-27,2026-08-27,2026-08-29,6.04,21,0
LG100141,Redline Roofing,Webbing Sling,Slings & Rigging,Bristol,2026-01-17,2026-02-18,2026-02-18,2026-02-21,3.93,32,0
LG102377,Lakeland Events,Webbing Sling,Slings & Rigging,Glasgow,2026-06-23,2026-07-14,2026-07-14,2026-07-16,4.26,21,0
LG101281,Stanley Mechanical,Webbing Sling,Slings & Rigging,Birmingham,2026-06-13,2026-06-21,2026-06-23,2026-06-23,4.29,10,0
LG102089,Cheshire Logistics,Shackle Set,Slings & Rigging,Nottingham,2026-07-14,2026-08-15,2026-08-16,2026-08-16,2.7,33,0
LG102149,Redline Roofing,Lever Hoist,Hoists,Birmingham,2026-04-17,2026-05-22,2026-05-21,2026-05-23,8.94,34,0
LG100356,Trent Warehousing,Beam Trolley,Clamps & Trolleys,Sheffield,2026-07-24,2026-08-24,2026-08-25,2026-08-27,11.77,32,0
LG100686,Tyne Offshore,Beam Clamp,Clamps & Trolleys,Leeds,2026-05-10,2026-06-07,2026-06-06,2026-06-09,6.35,27,0
LG100238,Highland Civil Eng,Vacuum Lifter,Handling,Nottingham,2026-03-19,2026-03-28,2026-03-28,2026-03-28,44.74,9,0
LG102381,Stanley Mechanical,Shackle Set,Slings & Rigging,Nottingham,2025-11-20,2025-11-25,2025-11-25,2025-11-26,2.88,5,0
LG101924,Severn Plant Hire,Chain Hoist,Hoists,Cardiff,2026-07-19,2026-08-07,2026-08-09,2026-08-09,17.8,21,0
LG102178,Wessex Scaffolding,Load Cell,Testing,Manchester,2025-12-18,2026-01-11,2026-01-11,2026-01-14,10.42,24,0
LG100312,Dee Valley Contractors,Wire Rope Sling,Slings & Rigging,Newcastle,2026-02-08,2026-03-06,2026-03-06,2026-03-06,6.83,26,0
LG102042,Trent Warehousing,Wire Rope Sling,Slings & Rigging,Newcastle,2025-10-24,2025-11-27,,,6.69,34,0
LG101201,Redline Roofing,Pallet Truck,Handling,Liverpool,2026-06-09,2026-06-23,2026-06-23,2026-06-24,9.17,14,0
LG101185,Redline Roofing,Vacuum Lifter,Handling,Sheffield,2026-07-16,2026-08-18,2026-08-20,2026-08-23,43.7,35,0
LG100679,Calder Fabrications,Shackle Set,Slings & Rigging,Glasgow,2026-03-28,2026-04-30,2026-04-30,2026-05-02,2.77,33,355.33
LG101385,Granite Structures,Webbing Sling,Slings & Rigging,Cardiff,2026-02-18,2026-03-02,2026-03-01,2026-03-17,4.38,11,0
LG101718,Granite Structures,Beam Trolley,Clamps & Trolleys,Liverpool,2026-07-25,2026-08-27,2026-08-28,2026-08-28,11.46,34,0
LG101236,Calder Fabrications,Lever Hoist,Hoists,Glasgow,2025-11-22,2025-12-01,2025-12-01,2025-12-20,8.24,9,0
LG100973,Clyde Shipping Supplies,Chain Hoist,Hoists,Bristol,2025-11-24,2025-12-28,2025-12-28,2025-12-29,17.09,34,0
LG101909,Cheshire Logistics,Pallet Truck,Handling,Manchester,2025-12-23,2026-01-19,2026-01-21,2026-01-22,8.76,29,0
LG101173,Severn Plant Hire,Lever Hoist,Hoists,Bristol,2026-08-03,2026-09-07,2026-09-06,2026-09-08,9.26,34,0
LG101003,Oakwood Joinery,Shackle Set,Slings & Rigging,Manchester,2026-07-09,2026-08-05,2026-08-05,2026-08-08,3.0,27,0
LG102063,Clyde Shipping Supplies,Chain Hoist,Hoists,Leeds,2026-06-04,2026-06-24,2026-06-24,2026-06-25,18.89,20,0
LG101888,Calder Fabrications,Chain Hoist,Hoists,Sheffield,2025-12-16,2025-12-22,,,17.23,6,0
LG101145,Ashby Construction,Chain Hoist,Hoists,Birmingham,2026-06-25,2026-07-30,2026-07-30,2026-08-02,19.28,35,0
LG101216,Brunel Rail Services,Pallet Truck,Handling,Sheffield,2025-12-30,2026-01-28,2026-01-30,2026-02-01,8.2,31,0
LG100163,Trent Warehousing,Pallet Truck,Handling,NEWCASTLE,2025-11-14,2025-12-04,2025-12-04,2025-12-07,8.96,20,0
LG100896,Calder Fabrications,Gantry Crane,Cranes & Gantries,Nottingham,2025-11-27,2025-12-26,2025-12-26,2025-12-26,60.93,29,0
LG102111,Northern Steelworks,Beam Trolley,Clamps & Trolleys,LIVERPOOL,2026-01-28,2026-01-31,2026-01-31,2026-01-31,11.15,3,0
LG101706,Wessex Scaffolding,Shackle Set,Slings & Rigging,Liverpool,2025-12-13,2025-12-29,2025-12-29,2025-12-29,2.93,16,0
LG102250,Mersey Marine Services,Lever Hoist,Hoists,Newcastle,2025-10-04,2025-10-11,2025-10-10,2025-10-19,10.06,6,0
LG100393,Cheshire Logistics,Shackle Set,Slings & Rigging,Newcastle,2025-11-22,2025-12-28,2025-12-30,2026-01-02,3.34,38,0
LG100270,Wessex Scaffolding,Load Cell,Testing,Bristol,2026-06-04,2026-06-25,2026-06-23,2026-06-23,10.87,19,0
LG101994,Clyde Shipping Supplies,Engine Crane,Cranes & Gantries,Glasgow,2025-11-13,2025-11-18,2025-11-19,2025-11-20,14.48,6,0
LG101123,Pennine Builders,Pallet Truck,Handling,Bristol,2026-02-12,2026-03-24,2026-03-25,2026-03-25,8.29,41,0
LG101651,Humber Port Services,Lever Hoist,Hoists,Cardiff,2026-04-08,2026-05-10,,2026-05-18,9.68,32,0
LG100548,Tyne Offshore,Lever Hoist,Hoists,Liverpool,2025-12-08,2026-01-10,2026-01-10,2026-01-13,8.44,33,0
LG101983,Highland Civil Eng,Beam Trolley,Clamps & Trolleys,Manchester,2026-06-22,2026-06-29,2026-07-01,2026-07-01,10.13,9,0
LG102395,Calder Fabrications,Chain Hoist,Hoists,Bristol,2026-04-12,2026-04-29,2026-04-27,2026-04-29,17.9,15,0
LG100087,Calder Fabrications,Wire Rope Sling,Slings & Rigging,Leeds,2025-10-22,2025-11-13,2025-11-15,2025-11-27,5.95,24,0
LG101779,Redline Roofing,Webbing Sling,Slings & Rigging,Sheffield,2026-04-11,2026-05-12,,2026-05-18,4.06,31,0
LG100451,Stanley Mechanical,Shackle Set,Slings & Rigging,Newcastle,2025-12-02,2025-12-17,2025-12-17,2026-01-01,3.29,15,0
LG101740,Calder Fabrications,Chain Hoist,Hoists,Birmingham,2026-06-20,2026-07-30,2026-07-30,2026-08-10,16.47,40,0
LG100628,Severn Plant Hire,Shackle Set,Slings & Rigging,Nottingham,2025-10-17,2025-10-31,2025-10-30,2025-11-02,3.4,13,0
LG101275,Cheshire Logistics,Shackle Set,Slings & Rigging,Nottingham,2026-02-07,2026-03-12,2026-03-10,2026-03-11,3.18,31,0
LG101616,Tyne Offshore,Wire Rope Sling,Slings & Rigging,Newcastle,2026-07-13,2026-07-31,2026-07-29,2026-07-30,5.69,16,0
LG101782,Humber Port Services,Chain Hoist,Hoists,Cardiff,2026-04-18,2026-05-22,2026-05-22,2026-05-25,19.64,34,0
LG100844,Highland Civil Eng,Gantry Crane,Cranes & Gantries,Leeds,2026-06-27,2026-07-23,2026-07-24,2026-07-24,74.11,27,0
LG102217,Humber Port Services,Chain Hoist,Hoists,Leeds,2025-10-06,2025-10-26,2025-10-25,2025-10-26,16.89,19,0
LG102139,Tyne Offshore,Webbing Sling,Slings & Rigging,Sheffield,2026-04-09,2026-04-22,2026-04-22,2026-04-22,4.54,13,0
LG100500,Northern Steelworks,Beam Trolley,Clamps & Trolleys,Sheffield,2026-03-03,2026-04-05,2026-04-06,2026-04-09,12.14,34,0
LG100566,Pennine Builders,Webbing Sling,Slings & Rigging,Cardiff,2026-07-04,2026-07-15,2026-07-14,2026-07-17,4.25,10,0
LG100928,Brunel Rail Services,Shackle Set,Slings & Rigging,Newcastle,2026-08-01,2026-08-22,2026-08-20,2026-08-22,2.92,19,0
LG100971,Calder Fabrications,Webbing Sling,Slings & Rigging,Manchester,2025-11-21,2025-12-27,2025-12-26,2025-12-26,3.87,35,0
LG100532,Brunel Rail Services,Shackle Set,Slings & Rigging,Liverpool,2026-03-21,2026-04-11,2026-04-11,2026-04-12,3.04,21,0
LG101918,Clyde Shipping Supplies,Beam Clamp,Clamps & Trolleys,Sheffield,2025-12-19,2026-01-22,2026-01-20,2026-01-23,7.22,32,0
LG101675,Pennine Builders,Shackle Set,Slings & Rigging,Sheffield,2026-06-29,2026-08-06,2026-08-05,2026-08-07,3.03,37,0
LG100179,Stanley Mechanical,Beam Trolley,Clamps & Trolleys,Bristol,2026-06-26,2026-07-17,2026-07-17,2026-07-18,12.6,21,0
LG102211,Oakwood Joinery,Chain Hoist,Hoists,Manchester,2025-11-28,2025-12-09,2025-12-09,2025-12-09,17.67,11,0
LG100323,Brunel Rail Services,Gantry Crane,Cranes & Gantries,Birmingham,2026-07-21,2026-08-07,2026-08-09,2026-08-09,71.62,19,0
LG102308,Wessex Scaffolding,Vacuum Lifter,Handling,Manchester,2026-03-14,2026-03-18,2026-03-20,2026-03-23,42.34,6,0
LG100985,Severn Plant Hire,Beam Clamp,Clamps & Trolleys,Leeds,2025-12-27,2026-01-20,2026-01-20,2026-01-20,6.93,24,0
LG100079,Humber Port Services,Chain Hoist,Hoists,Bristol,2025-11-24,2026-01-01,2025-12-31,2026-01-01,16.9,37,0
LG101354,Northern Steelworks,Beam Trolley,Clamps & Trolleys,Birmingham,2026-02-02,2026-02-14,2026-02-12,2026-02-12,12.29,10,0
LG100416,Trent Warehousing,Webbing Sling,Slings & Rigging,Newcastle,2025-10-09,2025-11-03,2025-11-04,2025-11-04,4.39,26,0
LG100206,Granite Structures,Shackle Set,Slings & Rigging,Birmingham,2026-05-10,2026-06-02,,,3.15,23,0
LG100428,Cheshire Logistics,Beam Trolley,Clamps & Trolleys,Cardiff,2026-04-16,2026-05-10,2026-05-10,2026-05-12,12.58,24,0
LG100227,Highland Civil Eng,Beam Trolley,Clamps & Trolleys,Nottingham,2026-05-01,2026-06-03,2026-06-03,2026-06-04,12.6,33,0
LG101687,Granite Structures,Load Cell,Testing,Leeds,2026-03-13,2026-03-25,2026-03-25,2026-03-27,9.01,12,0
LG100060,Ashby Construction,Beam Clamp,Clamps & Trolleys,Cardiff,2026-07-12,2026-08-15,2026-08-13,2026-08-13,6.57,32,0
LG102399,Stanley Mechanical,Webbing Sling,Slings & Rigging,Nottingham,2026-07-20,2026-08-10,2026-08-08,2026-08-11,4.15,19,0
LG101935,Redline Roofing,Pallet Truck,Handling,Cardiff,2025-11-14,2025-11-25,2025-11-27,2025-12-07,7.47,13,0
LG100820,Brunel Rail Services,Load Cell,Testing,LEEDS,2026-05-10,2026-06-07,2026-06-07,2026-06-08,10.24,28,0
LG101848,Ashby Construction,Pallet Truck,Handling,Birmingham,2026-02-11,2026-03-18,2026-03-19,2026-03-21,7.33,36,0
LG101631,Dee Valley Contractors,Engine Crane,Cranes & Gantries,Manchester,2025-12-14,2025-12-30,2025-12-30,2026-01-02,15.85,16,0
LG100261,Lakeland Events,Pallet Truck,Handling,Liverpool,2025-10-26,2025-11-29,2025-12-01,2025-12-03,8.87,36,0
LG101517,Cheshire Logistics,Chain Hoist,Hoists,Leeds,2025-10-09,2025-10-21,2025-10-21,2025-10-22,19.45,12,0
LG101603,Stanley Mechanical,Chain Hoist,Hoists,Nottingham,2026-01-18,2026-01-23,2026-01-21,2026-01-24,18.87,3,0
LG100413,Wessex Scaffolding,Chain Hoist,Hoists,Newcastle,2026-06-27,2026-08-03,2026-08-03,2026-08-23,18.48,37,0
LG101342,Stanley Mechanical,Chain Hoist,Hoists,Newcastle,2026-07-20,2026-07-26,2026-07-26,2026-07-27,18.67,6,0
LG100455,Mersey Marine Services,Shackle Set,Slings & Rigging,Leeds,2025-11-14,2025-11-21,2025-11-22,2025-11-25,2.93,8,0
LG101708,Clyde Shipping Supplies,Chain Hoist,Hoists,Birmingham,2026-02-17,2026-03-18,2026-03-18,2026-03-19,16.99,29,0
LG101730,Lakeland Events,Webbing Sling,Slings & Rigging,Nottingham,2026-06-06,2026-07-05,2026-07-03,2026-07-04,3.94,27,0
LG100466,Tyne Offshore,Beam Clamp,Clamps & Trolleys,Leeds,2026-08-06,2026-08-30,2026-09-01,2026-09-01,7.77,26,465.53
LG100397,Mersey Marine Services,Load Cell,Testing,Birmingham,2026-01-22,2026-02-22,2026-02-22,2026-03-09,11.21,31,0
LG102050,Ashby Construction,Load Cell,Testing,Cardiff,2025-12-01,2025-12-07,2025-12-07,2025-12-10,9.51,6,0
LG101106,Mersey Marine Services,Shackle Set,Slings & Rigging,Sheffield,2025-12-29,2026-01-06,2026-01-05,2026-01-06,3.33,7,0
LG101991,Wessex Scaffolding,Pallet Truck,Handling,Manchester,2026-06-28,2026-07-10,2026-07-09,2026-07-12,8.6,11,0
LG101490,Oakwood Joinery,Shackle Set,Slings & Rigging,Liverpool,2026-06-18,2026-06-27,2026-06-25,2026-06-25,3.0,7,0
LG100701,Humber Port Services,Lever Hoist,Hoists,Leeds,2026-05-19,2026-05-25,2026-05-25,2026-06-14,10.05,6,0
LG102133,Severn Plant Hire,Chain Hoist,Hoists,Newcastle,2025-10-16,2025-10-31,2025-10-31,2025-11-02,17.09,15,0
LG101486,Dee Valley Contractors,Gantry Crane,Cranes & Gantries,Newcastle,2026-03-16,2026-04-17,2026-04-15,2026-04-18,66.42,30,0
LG101352,Mersey Marine Services,Pallet Truck,Handling,Liverpool,2026-05-15,2026-05-27,2026-05-26,2026-05-28,8.08,11,0
LG100013,Tyne Offshore,Beam Clamp,Clamps & Trolleys,Manchester,2026-02-26,2026-03-06,2026-03-06,2026-03-08,7.8,8,0
LG101725,Highland Civil Eng,Webbing Sling,Slings & Rigging,Nottingham,2026-03-11,2026-04-02,2026-04-02,2026-04-04,3.87,22,0
LG100909,Ashby Construction,Pallet Truck,Handling,Nottingham,2025-11-03,2025-11-25,2025-11-27,2025-11-27,8.62,24,0
LG102006,Pennine Builders,Pallet Truck,Handling,Nottingham,2026-01-28,2026-02-22,2026-02-24,2026-02-25,7.8,27,0
LG101664,Stanley Mechanical,Engine Crane,Cranes & Gantries,Newcastle,2026-06-15,2026-07-15,2026-07-15,2026-07-15,13.57,30,0
LG102387,Tyne Offshore,Chain Hoist,Hoists,Sheffield,2026-02-08,2026-03-10,2026-03-09,2026-03-11,20.43,29,0
LG100004,Northern Steelworks,Lever Hoist,Hoists,Birmingham,2026-06-16,2026-06-20,2026-06-21,2026-06-22,9.36,5,0
LG100283,Ashby Construction,Wire Rope Sling,Slings & Rigging,Cardiff,2026-07-04,2026-08-02,2026-08-02,2026-08-05,6.28,29,0
LG101804,Mersey Marine Services,Webbing Sling,Slings & Rigging,Bristol,2026-03-02,2026-04-10,2026-04-11,2026-04-11,4.0,40,0
LG102332,Pennine Builders,Gantry Crane,Cranes & Gantries,Newcastle,2025-12-04,2026-01-09,2026-01-07,2026-01-10,69.29,34,0
LG100932,Highland Civil Eng,Lever Hoist,Hoists,Bristol,2026-06-22,2026-07-10,2026-07-12,2026-07-15,10.12,20,0
LG100616,Wessex Scaffolding,Pallet Truck,Handling,Nottingham,2026-05-09,2026-05-23,2026-05-22,2026-05-24,7.41,13,0
LG100597,Northern Steelworks,Wire Rope Sling,Slings & Rigging,Sheffield,2026-05-29,2026-06-21,2026-06-21,2026-07-11,6.77,23,0
LG101198,Redline Roofing,Chain Hoist,Hoists,Birmingham,2025-11-10,2025-12-14,2025-12-14,2025-12-17,18.96,34,0
LG101699,Stanley Mechanical,Beam Trolley,Clamps & Trolleys,Leeds,2026-05-07,2026-06-02,,,10.96,26,0
LG101802,Tyne Offshore,Shackle Set,Slings & Rigging,Sheffield,2026-03-23,2026-04-05,2026-04-05,2026-04-05,3.16,13,0
LG100782,Cheshire Logistics,Pallet Truck,Handling,Manchester,2025-10-07,2025-10-25,2025-10-24,2025-10-24,7.29,17,0
LG101152,Northern Steelworks,Wire Rope Sling,Slings & Rigging,Birmingham,2026-02-08,2026-03-13,2026-03-11,2026-03-14,6.55,31,0
LG100673,Granite Structures,Chain Hoist,Hoists,Manchester,2026-01-22,2026-02-26,2026-02-27,2026-03-02,19.56,36,0
LG101846,Cheshire Logistics,Pallet Truck,Handling,Newcastle,2026-04-27,2026-05-02,2026-05-04,2026-05-07,7.75,7,0
LG100114,Oakwood Joinery,Webbing Sling,Slings & Rigging,Liverpool,2026-01-29,2026-02-20,2026-02-18,2026-03-04,3.82,20,0
LG100788,Oakwood Joinery,Pallet Truck,Handling,Glasgow,2025-10-24,2025-11-21,2025-11-21,2025-11-23,7.34,28,0
LG101335,Highland Civil Eng,Beam Clamp,Clamps & Trolleys,Manchester,2026-04-14,2026-04-20,2026-04-20,2026-04-22,6.83,6,0
LG102282,Dee Valley Contractors,Beam Clamp,Clamps & Trolleys,Bristol,2026-06-14,2026-07-21,2026-07-21,2026-07-21,7.45,37,0
LG101873,Mersey Marine Services,Chain Hoist,Hoists,Birmingham,2025-12-08,2025-12-31,2025-12-30,2026-01-02,20.58,22,0
LG101816,Severn Plant Hire,Pallet Truck,Handling,Bristol,2026-04-29,2026-05-22,2026-05-23,2026-05-26,8.92,24,0
LG101809,Oakwood Joinery,Wire Rope Sling,Slings & Rigging,Glasgow,2026-02-06,2026-03-13,2026-03-12,2026-03-13,6.08,34,0
LG102154,Oakwood Joinery,Shackle Set,Slings & Rigging,Cardiff,2026-04-10,2026-04-29,2026-04-27,2026-04-29,3.11,17,0
LG101139,Severn Plant Hire,Load Cell,Testing,BRISTOL,2026-01-19,2026-02-19,2026-02-19,2026-02-22,10.52,31,0
LG100293,Northern Steelworks,Lever Hoist,Hoists,Liverpool,2026-07-11,2026-07-27,2026-07-26,2026-07-27,9.42,15,0
LG101533,Highland Civil Eng,Chain Hoist,Hoists,Bristol,2026-05-31,2026-07-10,,2026-07-12,16.96,40,0
LG101218,Oakwood Joinery,Pallet Truck,Handling,Nottingham,2025-10-25,2025-11-22,2025-11-21,2025-11-24,7.4,27,0
LG100093,Tyne Offshore,Gantry Crane,Cranes & Gantries,Newcastle,2026-04-29,2026-05-17,2026-05-15,2026-05-15,62.84,16,0
LG100868,Pennine Builders,Lever Hoist,Hoists,Cardiff,2025-11-21,2025-12-15,2025-12-16,2025-12-18,8.56,25,0
LG100069,Northern Steelworks,Load Cell,Testing,Newcastle,2026-01-13,2026-02-05,2026-02-06,2026-02-09,9.6,24,0
LG100445,Severn Plant Hire,Gantry Crane,Cranes & Gantries,Bristol,2026-05-17,2026-06-02,2026-06-02,2026-06-03,74.69,16,0
LG100198,Clyde Shipping Supplies,Beam Clamp,Clamps & Trolleys,Liverpool,2026-01-10,2026-02-09,2026-02-08,2026-02-09,6.5,29,0
LG101070,Tyne Offshore,Shackle Set,Slings & Rigging,Newcastle,2025-11-19,2025-12-02,2025-12-02,2025-12-10,3.43,13,0
LG100422,Redline Roofing,Chain Hoist,Hoists,Sheffield,2026-01-12,2026-01-17,2026-01-17,2026-01-20,19.76,5,0
LG102022,Cheshire Logistics,Gantry Crane,Cranes & Gantries,Leeds,2026-05-04,2026-05-10,2026-05-10,2026-05-13,73.72,6,234.86
LG100256,Redline Roofing,Load Cell,Testing,Sheffield,2026-07-28,2026-08-19,2026-08-19,2026-08-21,10.6,22,0
LG100034,Pennine Builders,Lever Hoist,Hoists,Glasgow,2025-12-22,2026-01-28,2026-01-26,2026-01-29,10.25,35,138.18
LG101959,Dee Valley Contractors,Lever Hoist,Hoists,Glasgow,2026-06-09,2026-06-18,2026-06-18,2026-06-19,9.89,9,0
LG100772,Calder Fabrications,Lever Hoist,Hoists,Manchester,2026-03-27,2026-05-02,2026-05-02,2026-05-03,9.26,36,0
LG101461,Oakwood Joinery,Webbing Sling,Slings & Rigging,Glasgow,2026-06-05,2026-07-11,2026-07-13,2026-07-14,3.91,38,0
LG101428,Clyde Shipping Supplies,Load Cell,Testing,Newcastle,2025-11-17,2025-12-09,2025-12-11,2025-12-14,9.81,24,0
LG100805,Brunel Rail Services,Chain Hoist,Hoists,Liverpool,2025-11-24,2025-12-07,2025-12-05,2025-12-06,18.22,11,0
LG100644,Lakeland Events,Chain Hoist,Hoists,Leeds,2026-05-09,2026-06-09,2026-06-07,2026-06-19,18.71,29,0
LG100741,Highland Civil Eng,Wire Rope Sling,Slings & Rigging,Leeds,2026-01-26,2026-02-22,2026-02-20,2026-02-22,5.53,25,0
LG100104,Tyne Offshore,Shackle Set,Slings & Rigging,Cardiff,2026-06-19,2026-06-29,2026-06-29,2026-07-12,2.99,10,660.0
LG100670,Calder Fabrications,Beam Clamp,Clamps & Trolleys,Leeds,2025-10-23,2025-12-01,2025-12-01,2025-12-03,8.02,39,0
LG101399,Wessex Scaffolding,Pallet Truck,Handling,Manchester,2026-02-03,2026-03-11,2026-03-09,2026-03-09,8.28,34,0
LG100180,Granite Structures,Webbing Sling,Slings & Rigging,Leeds,2025-10-28,2025-12-05,2025-12-06,2025-12-09,3.89,39,0
LG101981,Highland Civil Eng,Chain Hoist,Hoists,Glasgow,2026-05-08,2026-06-06,2026-06-08,2026-06-10,20.33,31,0
LG100966,Tyne Offshore,Vacuum Lifter,Handling,Liverpool,2025-11-25,2025-11-29,2025-11-29,2025-12-01,36.48,4,0
LG100688,Redline Roofing,Webbing Sling,Slings & Rigging,Glasgow,2025-11-02,2025-12-11,2025-12-10,2025-12-11,3.7,38,0
LG100562,Oakwood Joinery ,Webbing Sling,Slings & Rigging,Manchester,2026-01-01,2026-01-12,2026-01-13,2026-01-15,4.37,12,0
LG101374,Granite Structures,Wire Rope Sling,Slings & Rigging,Glasgow,2026-07-21,2026-08-02,2026-08-02,2026-08-03,6.04,12,0
LG101066,Tyne Offshore,Webbing Sling,Slings & Rigging,Birmingham,2026-07-04,2026-07-25,2026-07-27,2026-07-30,3.62,23,0
LG101644,Dee Valley Contractors,Shackle Set,Slings & Rigging,Cardiff,2026-06-03,2026-06-12,2026-06-12,2026-06-15,3.04,9,0
LG101693,Tyne Offshore,Pallet Truck,Handling,Liverpool,2026-05-17,2026-06-11,2026-06-12,2026-06-13,7.38,26,0
LG101770,Redline Roofing,Shackle Set,Slings & Rigging,Sheffield,2025-12-15,2026-01-16,2026-01-16,2026-01-17,2.78,32,344.88
LG101922,Cheshire Logistics,Vacuum Lifter,Handling,Leeds,2026-03-03,2026-03-21,2026-03-19,2026-03-19,41.23,16,0
LG100133,Stanley Mechanical,Load Cell,Testing,Liverpool,2025-10-11,2025-11-19,,,9.95,39,0
LG102060,Clyde Shipping Supplies,Vacuum Lifter,Handling,Nottingham,2026-02-03,2026-03-12,2026-03-12,2026-03-12,45.53,37,0
LG100620,Ashby Construction,Webbing Sling,Slings & Rigging,Birmingham,2026-04-26,2026-05-28,2026-05-27,2026-05-27,4.17,31,0
LG101808,Trent Warehousing,Pallet Truck,Handling,Liverpool,2026-06-01,2026-07-01,2026-07-02,2026-07-04,7.62,31,0
LG100924,Humber Port Services,Engine Crane,Cranes & Gantries,Cardiff,2026-03-28,2026-04-29,2026-04-30,2026-05-03,13.48,33,0
LG101055,Dee Valley Contractors,Lever Hoist,Hoists,Manchester,2026-03-15,2026-03-21,2026-03-23,2026-03-26,9.84,8,0
LG102230,Pennine Builders,Lever Hoist,Hoists,Birmingham,2025-11-24,2025-12-19,,2025-12-21,8.83,25,0
LG100303,Highland Civil Eng,Pallet Truck,Handling,Sheffield,2026-05-07,2026-05-16,2026-05-14,2026-05-16,8.18,7,0
LG101369,Northern Steelworks,Chain Hoist,Hoists,Leeds,2026-03-30,2026-04-24,2026-04-24,2026-04-24,19.01,25,0
LG100592,Pennine Builders,Lever Hoist,Hoists,Nottingham,2026-01-15,2026-02-08,2026-02-07,2026-02-07,8.78,23,0
LG100586,Mersey Marine Services,Pallet Truck,Handling,Leeds,2025-10-30,2025-12-07,2025-12-07,2025-12-17,8.03,38,0
LG100126,Highland Civil Eng,Wire Rope Sling,Slings & Rigging,Nottingham,2026-01-31,2026-02-20,2026-02-19,2026-02-21,6.06,19,0
LG101785,Granite Structures,Webbing Sling,Slings & Rigging,Manchester,2026-06-11,2026-07-21,2026-07-21,2026-07-23,4.57,40,0
LG102262,Redline Roofing,Shackle Set,Slings & Rigging,Liverpool,2026-07-11,2026-07-25,2026-07-25,2026-07-28,2.89,14,0
LG100326,Northern Steelworks,Lever Hoist,Hoists,Manchester,2026-03-08,2026-04-01,2026-03-31,2026-04-03,8.89,23,0
LG101236,Calder Fabrications,Lever Hoist,Hoists,Glasgow,2025-11-22,2025-12-01,2025-12-01,2025-12-20,8.24,9,0
LG101181,Northern Steelworks,Load Cell,Testing,Nottingham,2026-03-28,2026-04-22,2026-04-22,2026-04-25,11.41,25,0
LG100645,Wessex Scaffolding,Pallet Truck,Handling,Newcastle,2025-10-07,2025-10-28,2025-10-29,2025-10-30,8.03,22,0
LG100848,,Beam Trolley,Clamps & Trolleys,Leeds,2026-05-12,2026-06-15,2026-06-15,2026-06-17,11.69,34,0
LG100729,Ashby Construction,Webbing Sling,Slings & Rigging,Sheffield,2026-02-23,2026-03-19,2026-03-21,2026-03-23,4.15,26,0
LG101141,Highland Civil Eng,Beam Clamp,Clamps & Trolleys,Liverpool,2026-02-13,2026-02-26,2026-02-26,2026-02-26,7.57,13,0
LG101112,Humber Port Services,Beam Clamp,Clamps & Trolleys,Sheffield,2025-12-16,2026-01-11,2026-01-11,2026-01-13,6.99,26,0
LG101109,Stanley Mechanical,Engine Crane,Cranes & Gantries,Birmingham,2026-06-17,2026-06-21,2026-06-23,2026-06-23,15.44,6,0
LG101955,Wessex Scaffolding,Shackle Set,Slings & Rigging,Glasgow,2026-07-28,2026-08-21,2026-08-22,2026-08-23,3.39,25,0
LG100400,Highland Civil Eng,Lever Hoist,Hoists,Newcastle,2026-03-13,2026-03-22,2026-03-24,2026-03-24,9.99,11,0
LG101882,Clyde Shipping Supplies,Beam Trolley,Clamps & Trolleys,Newcastle,2026-05-10,2026-05-22,2026-05-21,2026-05-23,10.62,11,0
LG100298,Humber Port Services,Webbing Sling,Slings & Rigging,Liverpool,2025-12-29,2026-01-17,2026-01-17,2026-01-17,3.65,19,0
LG100342,Trent Warehousing,Chain Hoist,Hoists,Cardiff,2025-11-09,2025-12-02,2025-12-03,2025-12-05,18.79,24,0
LG101711,Redline Roofing,Wire Rope Sling,Slings & Rigging,Nottingham,2026-03-04,2026-04-13,2026-04-13,2026-04-13,5.86,40,0
LG101028,Trent Warehousing,Webbing Sling,Slings & Rigging,Bristol,2026-03-25,2026-04-15,2026-04-15,2026-04-17,4.05,21,0
LG102353,Severn Plant Hire,Chain Hoist,Hoists,Liverpool,2025-12-15,2026-01-11,2026-01-13,2026-01-13,20.48,29,0
LG102074,Wessex Scaffolding,Gantry Crane,Cranes & Gantries,Sheffield,2026-07-03,2026-07-11,2026-07-09,2026-07-12,71.29,6,0
LG100775,Ashby Construction,Webbing Sling,Slings & Rigging,Manchester,2026-05-08,2026-05-28,2026-05-28,2026-05-31,4.12,20,0
LG100568,Highland Civil Eng,Beam Trolley,Clamps & Trolleys,Manchester,2026-03-02,2026-04-03,2026-04-03,2026-04-04,11.75,32,0
LG102077,Dee Valley Contractors,Webbing Sling,Slings & Rigging,Liverpool,2025-12-30,2026-01-02,2026-01-01,2026-01-02,3.72,2,0
LG102318,Northern Steelworks,Lever Hoist,Hoists,Sheffield,2026-05-17,2026-05-27,2026-05-26,2026-05-26,9.18,9,0
LG100859,Granite Structures,Webbing Sling,Slings & Rigging,Manchester,2026-05-03,2026-05-16,2026-05-16,2026-05-19,4.48,13,0
LG101451,Trent Warehousing,Gantry Crane,Cranes & Gantries,Sheffield,2026-04-30,2026-05-06,2026-05-07,2026-05-07,72.07,7,0
LG102356,Lakeland Events,Chain Hoist,Hoists,Manchester,2026-06-21,2026-07-15,2026-07-16,2026-07-17,18.87,25,76.69
LG100652,Trent Warehousing,Load Cell,Testing,Bristol,2026-06-11,2026-06-26,2026-06-24,2026-06-26,10.14,13,0
LG100989,Ashby Construction,Wire Rope Sling,Slings & Rigging,Birmingham,2026-05-22,2026-06-11,2026-06-11,2026-06-12,6.65,20,0
LG101876,Wessex Scaffolding,Shackle Set,Slings & Rigging,Birmingham,2025-10-27,2025-11-20,2025-11-20,2025-11-20,3.4,24,261.97
LG100000,Northern Steelworks,Chain Hoist,Hoists,Birmingham,2026-02-18,2026-03-08,2026-03-09,2026-03-09,17.2,19,0
LG101965,Humber Port Services,Shackle Set,Slings & Rigging,Birmingham,2026-06-07,2026-06-26,2026-06-28,2026-07-19,3.45,21,0
LG102015,Humber Port Services,Vacuum Lifter,Handling,Cardiff,2026-06-08,2026-07-07,2026-07-06,2026-07-09,44.24,28,0
LG100144,Northern Steelworks,Beam Trolley,Clamps & Trolleys,Manchester,2025-10-27,2025-11-21,2025-11-22,2025-11-29,10.52,26,0
LG100981,Northern Steelworks,Chain Hoist,Hoists,Sheffield,2025-12-29,2026-01-03,2026-01-04,2026-01-04,20.04,6,0
LG100758,Severn Plant Hire,Shackle Set,Slings & Rigging,Birmingham,2025-10-07,2025-11-02,2025-11-04,2025-11-07,3.4,28,0
LG101284,Wessex Scaffolding ,Chain Hoist,Hoists,Birmingham,2026-01-28,2026-02-20,2026-02-22,2026-02-25,20.62,25,0
LG101079,Granite Structures,Beam Clamp,Clamps & Trolleys,Sheffield,2026-05-10,2026-06-02,2026-06-02,2026-06-20,6.33,23,0
LG101826,Mersey Marine Services,Gantry Crane,Cranes & Gantries,Sheffield,2025-10-29,2025-11-06,2025-11-04,2025-11-07,63.6,6,0
LG101116,Brunel Rail Services,Lever Hoist,Hoists,Leeds,2026-07-17,2026-07-29,2026-07-29,2026-08-17,9.76,12,0
LG102007,Mersey Marine Services,Webbing Sling,Slings & Rigging,Birmingham,2026-07-26,2026-08-10,2026-08-08,2026-08-11,4.42,13,0
LG101904,Clyde Shipping Supplies,Beam Clamp,Clamps & Trolleys,Manchester,2026-05-20,2026-06-12,2026-06-14,2026-06-15,7.96,25,0
LG100933,Trent Warehousing,Beam Clamp,Clamps & Trolleys,Manchester,2026-03-01,2026-03-20,2026-03-21,2026-04-08,7.89,20,0
LG101753,Calder Fabrications,Beam Clamp,Clamps & Trolleys,Sheffield,2025-11-24,2025-12-08,2025-12-08,2025-12-09,7.76,14,0
LG101313,Granite Structures,Lever Hoist,Hoists,Cardiff,2026-06-27,2026-07-15,2026-07-15,2026-07-18,9.38,18,0
LG101567,Severn Plant Hire,Webbing Sling,Slings & Rigging,Newcastle,2025-11-07,2025-11-27,2025-11-27,2025-11-29,4.38,20,0
LG100187,Lakeland Events,Chain Hoist,Hoists,Sheffield,2025-10-28,2025-11-09,2025-11-09,2025-11-10,16.87,12,0
LG101941,Cheshire Logistics,Wire Rope Sling,Slings & Rigging,Sheffield,2026-05-19,2026-06-28,2026-06-30,2026-06-30,5.76,42,0
LG101765,Redline Roofing,Beam Trolley,Clamps & Trolleys,Birmingham,2025-12-26,2026-01-02,2026-01-01,2026-01-04,10.9,6,0
LG101034,Clyde Shipping Supplies,Shackle Set,Slings & Rigging,Nottingham,2026-03-15,2026-03-25,2026-03-25,2026-03-28,3.27,10,0
LG100682,Severn Plant Hire,Load Cell,Testing,Leeds,2026-02-02,2026-03-10,2026-03-10,2026-03-13,9.44,36,0
LG100708,Pennine Builders,Webbing Sling,Slings & Rigging,Birmingham,2026-07-06,2026-08-01,2026-08-03,2026-08-04,4.14,28,0
LG100940,Cheshire Logistics,Beam Trolley,Clamps & Trolleys,Bristol,2026-07-14,2026-07-28,2026-07-29,2026-07-31,12.5,15,0
LG101611,Clyde Shipping Supplies,Wire Rope Sling,Slings & Rigging,Nottingham,2026-01-31,2026-02-14,,,6.32,14,0
LG101253,Dee Valley Contractors,Beam Clamp,Clamps & Trolleys,Manchester,2026-06-09,2026-07-12,2026-07-14,2026-07-15,6.82,35,0
LG101168,Lakeland Events,Pallet Truck,Handling,Birmingham,2026-05-30,2026-06-29,2026-06-29,2026-06-29,7.38,30,0
LG102216,Wessex Scaffolding,Wire Rope Sling,Slings & Rigging,Leeds,2026-02-20,2026-03-05,,,5.66,13,0
LG100281,Highland Civil Eng,Beam Clamp,Clamps & Trolleys,Bristol,2025-11-29,2025-12-10,,2025-12-13,6.38,11,0
LG100613,Northern Steelworks,Beam Clamp,Clamps & Trolleys,Sheffield,2025-10-09,2025-10-12,2025-10-10,2025-10-12,7.23,1,0
LG100054,Severn Plant Hire,Pallet Truck,Handling,Sheffield,2026-07-09,2026-07-18,2026-07-20,2026-07-28,7.3,11,0
LG101308,Stanley Mechanical,Webbing Sling,Slings & Rigging,Liverpool,2025-10-21,2025-10-28,2025-10-27,2025-10-27,4.43,6,0
LG100449,Severn Plant Hire,Vacuum Lifter,Handling,Sheffield,2026-03-13,2026-04-07,2026-04-07,2026-04-08,43.1,25,0
LG100588,Granite Structures,Pallet Truck,Handling,Sheffield,2025-11-17,2025-12-24,2025-12-24,2025-12-24,8.65,37,0
LG100840,Granite Structures,Chain Hoist,Hoists,Sheffield,2026-08-11,2026-08-26,2026-08-25,2026-08-27,19.83,14,0
LG100117,Cheshire Logistics,Engine Crane,Cranes & Gantries,Cardiff,2026-07-22,2026-08-06,2026-08-06,2026-08-06,15.11,15,0
LG101231,Granite Structures,Webbing Sling,Slings & Rigging,Leeds,2026-03-10,2026-04-02,2026-04-02,2026-04-04,4.25,23,0
LG100405,Humber Port Services,Chain Hoist,Hoists,Bristol,2026-01-31,2026-03-01,2026-02-27,2026-03-02,19.08,27,0
LG100371,Lakeland Events,Gantry Crane,Cranes & Gantries,Cardiff,2026-08-03,2026-08-09,2026-08-07,2026-08-10,71.32,4,0
LG100390,Redline Roofing,Gantry Crane,Cranes & Gantries,Sheffield,2026-04-14,2026-05-19,2026-05-21,2026-05-22,67.07,37,0
LG100456,Cheshire Logistics,Vacuum Lifter,Handling,Leeds,2025-11-07,2025-12-08,2025-12-07,2025-12-08,40.66,30,0
LG100579,Dee Valley Contractors,Wire Rope Sling,Slings & Rigging,Glasgow,2026-02-18,2026-02-24,2026-02-25,2026-02-28,6.24,7,0
LG100556,Brunel Rail Services,Wire Rope Sling,Slings & Rigging,Manchester,2026-06-20,2026-07-19,2026-07-19,2026-07-21,6.09,29,0
LG101542,,Load Cell,Testing,Liverpool,2025-12-18,2026-01-21,2026-01-21,2026-01-24,10.88,34,0
LG100317,Ashby Construction,Shackle Set,Slings & Rigging,Leeds,2026-07-28,2026-09-04,2026-09-04,2026-09-07,3.12,38,0
LG101456,Tyne Offshore,Chain Hoist,Hoists,Liverpool,2026-03-07,2026-03-30,2026-03-28,2026-03-29,19.39,21,0
LG101946,Lakeland Events,Pallet Truck,Handling,Cardiff,2026-07-24,2026-08-31,,,9.2,38,0
LG101842,Oakwood Joinery,Pallet Truck,Handling,Nottingham,2026-05-15,2026-06-11,2026-06-11,2026-06-12,7.22,27,0
LG101841,Calder Fabrications,Pallet Truck,Handling,Manchester,2025-10-28,2025-11-15,2025-11-16,2025-11-18,7.71,19,0
LG100808,Humber Port Services,Chain Hoist,Hoists,Birmingham,2026-03-05,2026-03-10,2026-03-09,2026-03-10,17.17,4,0
LG100353,Redline Roofing,Beam Trolley,Clamps & Trolleys,Newcastle,2025-12-15,2026-01-02,2026-01-01,2026-01-01,10.18,17,0
LG100861,Mersey Marine Services,Lever Hoist,Hoists,Glasgow,2025-11-07,2025-11-12,2025-11-10,2025-11-11,8.76,3,0
LG102188,Redline Roofing,Chain Hoist,Hoists,Sheffield,2026-06-23,2026-06-26,2026-06-26,2026-06-26,16.97,3,0
LG100573,Highland Civil Eng,Chain Hoist,Hoists,Liverpool,2026-08-03,2026-08-09,2026-08-09,2026-08-10,17.3,6,0
LG101571,Calder Fabrications,Chain Hoist,Hoists,Sheffield,2026-01-11,2026-02-08,2026-02-07,2026-02-10,17.0,27,0
LG100470,Wessex Scaffolding,Wire Rope Sling,Slings & Rigging,Liverpool,2025-10-16,2025-11-19,2025-11-20,2025-11-23,6.73,35,0
LG100760,Humber Port Services,Load Cell,Testing,Sheffield,2025-11-07,2025-11-11,,,10.47,4,0
LG102257,Wessex Scaffolding,Webbing Sling,Slings & Rigging,Glasgow,2026-07-23,2026-08-23,2026-08-25,2026-08-25,4.57,33,0
LG100252,Mersey Marine Services,Wire Rope Sling,Slings & Rigging,Glasgow,2026-02-08,2026-03-12,,2026-03-18,5.78,32,0
LG101493,Cheshire Logistics,Shackle Set,Slings & Rigging,Cardiff,2026-01-31,2026-02-18,2026-02-18,2026-02-28,3.11,18,0
LG100864,Lakeland Events,Load Cell,Testing,Nottingham,2025-11-17,2025-12-11,2025-12-11,2025-12-14,10.49,24,0
LG100889,Trent Warehousing,Vacuum Lifter,Handling,Leeds,2026-01-07,2026-01-18,2026-01-19,2026-01-20,36.43,12,0
LG102329,Cheshire Logistics,Webbing Sling,Slings & Rigging,Liverpool,2026-03-10,2026-04-06,,,4.18,27,0
LG101987,Dee Valley Contractors,Chain Hoist,Hoists,Liverpool,2026-06-24,2026-07-15,2026-07-16,2026-07-18,18.09,22,0
LG100026,Oakwood Joinery,Chain Hoist,Hoists,Sheffield,2025-10-25,2025-11-04,2025-11-05,2025-11-05,16.89,11,0
LG101833,Trent Warehousing,Lever Hoist,Hoists,Birmingham,2026-02-18,2026-03-21,2026-03-19,2026-03-21,9.02,29,0
LG101319,Stanley Mechanical,Engine Crane,Cranes & Gantries,Newcastle,2026-07-09,2026-08-01,2026-08-02,2026-08-04,15.56,24,0
LG101052,Highland Civil Eng,Webbing Sling,Slings & Rigging,Birmingham,2026-05-08,2026-05-28,2026-05-28,2026-05-28,4.16,20,0
LG100161,Brunel Rail Services,Wire Rope Sling,Slings & Rigging,Leeds,2026-06-25,2026-07-15,2026-07-17,2026-07-20,6.32,22,0
LG100727,Tyne Offshore,Chain Hoist,Hoists,Liverpool,2025-11-17,2025-12-19,2025-12-21,2025-12-24,19.06,34,0
LG100040,Dee Valley Contractors,Webbing Sling,Slings & Rigging,Leeds,2026-08-07,2026-09-06,2026-09-08,2026-09-09,4.56,32,0
LG101538,Highland Civil Eng,Chain Hoist,Hoists,Nottingham,2026-02-20,2026-03-11,2026-03-13,2026-03-13,16.8,21,0
LG101058,Wessex Scaffolding,Gantry Crane,Cranes & Gantries,Birmingham,2026-03-12,2026-04-17,2026-04-15,2026-04-16,62.07,34,0
LG102044,Severn Plant Hire,Webbing Sling,Slings & Rigging,Cardiff,2025-11-28,2025-12-07,2025-12-06,2025-12-06,4.14,8,0
LG100389,Oakwood Joinery,Webbing Sling,Slings & Rigging,LIVERPOOL,2026-05-18,2026-06-04,2026-06-06,2026-06-07,4.13,19,0
LG100063,Wessex Scaffolding,Wire Rope Sling,Slings & Rigging,Liverpool,2026-06-29,2026-07-12,2026-07-14,2026-07-14,5.49,15,0
LG100331,Cheshire Logistics,Engine Crane,Cranes & Gantries,Birmingham,2025-12-19,2026-01-01,2025-12-30,2026-01-02,15.24,11,0
LG100336,Northern Steelworks,Webbing Sling,Slings & Rigging,Glasgow,2026-08-03,2026-08-09,2026-08-08,2026-08-10,3.61,5,0
LG100403,Pennine Builders,Wire Rope Sling,Slings & Rigging,Sheffield,2025-10-03,2025-10-11,2025-10-10,2025-10-13,5.43,7,0
LG101195,Highland Civil Eng,Wire Rope Sling,Slings & Rigging,Glasgow,2026-01-11,2026-01-29,2026-01-28,2026-01-29,6.5,17,0
LG101539,Highland Civil Eng,Webbing Sling,Slings & Rigging,Sheffield,2025-12-29,2026-01-17,2026-01-16,2026-01-16,4.38,18,0
LG101227,Mersey Marine Services,Shackle Set,Slings & Rigging,Cardiff,2026-05-26,2026-06-07,2026-06-07,2026-06-10,3.35,12,0
LG100998,Lakeland Events,Shackle Set,Slings & Rigging,Nottingham,2026-08-13,2026-08-22,2026-08-22,2026-08-25,3.02,9,0
LG100390,Redline Roofing,Gantry Crane,Cranes & Gantries,Sheffield,2026-04-14,2026-05-19,2026-05-21,2026-05-22,67.07,37,0
LG102208,Wessex Scaffolding,Shackle Set,Slings & Rigging,Glasgow,2026-05-25,2026-05-29,2026-05-30,2026-06-01,2.75,5,0
LG101689,Wessex Scaffolding,Pallet Truck,Handling,Leeds,2026-05-15,2026-06-08,2026-06-06,2026-06-21,8.58,22,0
LG101502,Highland Civil Eng,Webbing Sling,Slings & Rigging,Cardiff,2025-11-01,2025-11-09,2025-11-09,2025-11-09,3.82,8,0
LG101956,Severn Plant Hire,Pallet Truck,Handling,Cardiff,2026-04-03,2026-05-06,2026-05-06,2026-05-06,8.8,33,0
LG100364,Mersey Marine Services,Engine Crane,Cranes & Gantries,Sheffield,2026-07-20,2026-08-04,2026-08-03,2026-08-06,13.73,14,0
LG100817,Ashby Construction,Vacuum Lifter,Handling,Manchester,2026-01-10,2026-02-10,2026-02-12,2026-02-14,44.09,33,0
LG101471,Stanley Mechanical,Beam Clamp,Clamps & Trolleys,Sheffield,2026-02-17,2026-03-01,2026-03-01,2026-03-01,6.58,12,0
LG101979,Cheshire Logistics,Webbing Sling,Slings & Rigging,Sheffield,2026-06-16,2026-06-29,2026-07-01,2026-07-02,3.69,15,0
LG100494,Highland Civil Eng,Wire Rope Sling,Slings & Rigging,Nottingham,2025-10-21,2025-10-26,2025-10-28,2025-10-31,5.46,7,0
LG100097,Dee Valley Contractors,Webbing Sling,Slings & Rigging,Sheffield,2026-01-25,2026-02-11,2026-02-11,2026-02-11,3.62,17,0
LG101019,Calder Fabrications,Chain Hoist,Hoists,Glasgow,2026-04-20,2026-05-06,2026-05-07,2026-05-10,18.26,17,476.69
LG101294,Lakeland Events,Shackle Set,Slings & Rigging,Bristol,2026-05-21,2026-05-24,2026-05-25,2026-05-25,3.28,4,0
LG102029,Stanley Mechanical,Beam Clamp,Clamps & Trolleys,Sheffield,2025-12-16,2026-01-08,2026-01-08,2026-01-09,6.46,23,0
LG102223,Severn Plant Hire,Chain Hoist,Hoists,Glasgow,2026-05-04,2026-05-08,2026-05-07,2026-05-07,20.65,3,0
LG100123,Brunel Rail Services,Shackle Set,Slings & Rigging,Nottingham,2026-05-15,2026-06-19,2026-06-19,2026-06-22,3.02,35,0
LG100874,Redline Roofing,Lever Hoist,Hoists,Sheffield,2025-10-14,2025-10-30,2025-10-28,2025-10-28,8.48,14,0
LG102297,Brunel Rail Services,Webbing Sling,Slings & Rigging,Manchester,2025-10-04,2025-11-13,2025-11-12,2025-11-12,4.39,39,0
LG100341,Ashby Construction,Beam Trolley,Clamps & Trolleys,Sheffield,2025-12-29,2026-01-09,2026-01-09,2026-01-11,10.95,11,0
LG100611,Lakeland Events,Wire Rope Sling,Slings & Rigging,Manchester,2026-01-27,2026-02-03,,2026-02-10,6.46,7,0
LG101102,Clyde Shipping Supplies,Webbing Sling,Slings & Rigging,Newcastle,2026-01-22,2026-02-21,2026-02-22,2026-02-25,3.88,31,0
LG102097,Calder Fabrications,Webbing Sling,Slings & Rigging,Leeds,2025-11-02,2025-11-11,2025-11-09,2025-11-11,3.63,7,0
LG101332,Lakeland Events,Webbing Sling,Slings & Rigging,Liverpool,2025-10-29,2025-11-22,2025-11-22,2025-11-22,3.95,24,0
LG102321,Redline Roofing,Load Cell,Testing,Leeds,2026-03-17,2026-04-13,2026-04-13,2026-04-13,10.92,27,0
LG100431,Cheshire Logistics,Wire Rope Sling,Slings & Rigging,Birmingham,2026-01-01,2026-02-07,2026-02-07,2026-02-09,5.84,37,0
LG100497,Stanley Mechanical,Load Cell,Testing,Newcastle,2026-03-13,2026-03-26,2026-03-28,2026-03-30,9.98,15,0
LG102003,Granite Structures,Chain Hoist,Hoists,Newcastle,2025-12-03,2026-01-03,2026-01-03,2026-01-04,17.54,31,0
LG101347,Dee Valley Contractors ,Chain Hoist,Hoists,Liverpool,2026-04-30,2026-05-30,2026-05-30,2026-05-30,17.84,30,0
LG100334,Ashby Construction,Lever Hoist,Hoists,Bristol,2026-06-20,2026-06-30,2026-07-01,2026-07-04,8.88,11,0
LG100826,Redline Roofing,Beam Clamp,Clamps & Trolleys,Glasgow,2026-06-27,2026-07-15,2026-07-17,2026-07-30,7.4,20,0
LG101648,Highland Civil Eng,Lever Hoist,Hoists,Bristol,2025-11-16,2025-11-20,2025-11-21,2025-11-21,9.18,5,0
LG100558,Redline Roofing,Beam Trolley,Clamps & Trolleys,Manchester,2026-07-24,2026-07-31,2026-07-29,2026-07-29,10.02,5,0
LG101316,,Beam Clamp,Clamps & Trolleys,Newcastle,2026-05-07,2026-05-16,2026-05-16,2026-05-17,6.59,9,0
LG101121,Humber Port Services,Lever Hoist,Hoists,Newcastle,2026-01-14,2026-02-19,2026-02-19,2026-02-19,10.14,36,390.44
LG102175,Granite Structures,Pallet Truck,Handling,Sheffield,2026-03-31,2026-04-24,2026-04-26,2026-04-28,7.65,26,0
LG101151,Granite Structures,Wire Rope Sling,Slings & Rigging,Nottingham,2025-10-23,2025-11-28,2025-11-28,2025-12-01,6.04,36,0
LG101214,Highland Civil Eng,Beam Clamp,Clamps & Trolleys,Liverpool,2025-11-21,2025-12-11,2025-12-13,2025-12-14,7.71,22,0
LG101443,Trent Warehousing,Webbing Sling,Slings & Rigging,Bristol,2026-07-09,2026-08-01,2026-08-01,2026-08-01,4.37,23,0
LG100694,Lakeland Events,Shackle Set,Slings & Rigging,Liverpool,2025-12-08,2025-12-31,2025-12-30,2025-12-31,2.79,22,0
LG100770,Highland Civil Eng,Webbing Sling,Slings & Rigging,Manchester,2026-05-11,2026-05-21,2026-05-21,2026-05-22,4.05,10,0
LG102017,Calder Fabrications,Chain Hoist,Hoists,Nottingham,2026-01-17,2026-02-18,2026-02-18,2026-02-18,18.33,32,0
LG100477,Redline Roofing,Webbing Sling,Slings & Rigging,MANCHESTER,2026-04-15,2026-05-14,2026-05-13,2026-05-15,3.85,28,0
LG102292,Northern Steelworks,Chain Hoist,Hoists,Leeds,2025-11-13,2025-12-10,2025-12-08,2025-12-11,16.76,25,0
LG102128,Tyne Offshore,Wire Rope Sling,Slings & Rigging,Manchester,2025-10-02,2025-10-19,2025-10-18,2025-10-20,6.44,16,0
LG100378,Mersey Marine Services,Chain Hoist,Hoists,Newcastle,2026-03-08,2026-03-22,2026-03-24,2026-03-25,20.48,16,0
LG101260,Clyde Shipping Supplies,Chain Hoist,Hoists,Bristol,2026-05-22,2026-06-22,2026-06-21,2026-06-22,17.42,30,202.21
LG100473,Trent Warehousing,Wire Rope Sling,Slings & Rigging,Bristol,2025-10-31,2025-11-13,2025-11-12,2025-11-13,6.06,12,0
LG102221,Pennine Builders,Webbing Sling,Slings & Rigging,Birmingham,2026-03-07,2026-04-07,,2026-04-12,3.65,31,0
LG101625,Trent Warehousing,Gantry Crane,Cranes & Gantries,Leeds,2026-06-06,2026-07-11,2026-07-12,2026-07-14,60.39,36,0
LG102361,Wessex Scaffolding,Chain Hoist,Hoists,Birmingham,2026-06-18,2026-07-05,2026-07-05,2026-07-05,16.3,17,0
LG100606,Ashby Construction,Chain Hoist,Hoists,Leeds,2026-07-07,2026-08-10,2026-08-11,2026-08-11,17.03,35,0
LG101511,Tyne Offshore,Pallet Truck,Handling,Bristol,2026-01-29,2026-02-28,2026-02-28,2026-03-03,8.6,30,0
LG101325,Stanley Mechanical,Chain Hoist,Hoists,Nottingham,2026-03-04,2026-03-07,2026-03-09,2026-03-11,17.55,5,0
LG100311,Calder Fabrications,Pallet Truck,Handling,Birmingham,2026-07-10,2026-07-26,2026-07-26,2026-07-29,8.06,16,0
LG100028,Severn Plant Hire,Webbing Sling,Slings & Rigging,Nottingham,2026-07-11,2026-07-14,2026-07-14,2026-07-16,4.28,3,0
LG101090,Tyne Offshore,Lever Hoist,Hoists,Bristol,2026-03-26,2026-04-11,2026-04-11,2026-04-12,9.03,16,0
LG101235,Mersey Marine Services,Vacuum Lifter,Handling,Nottingham,2026-04-30,2026-05-13,,2026-05-19,37.84,13,0
LG100570,Calder Fabrications,Lever Hoist,Hoists,Bristol,2025-11-27,2025-12-02,2025-12-04,2025-12-04,9.92,7,0
LG101075,Wessex Scaffolding,Beam Trolley,Clamps & Trolleys,Sheffield,2025-10-20,2025-10-28,2025-10-28,2025-10-29,10.1,8,0
LG100015,Pennine Builders,Beam Trolley,Clamps & Trolleys,Bristol,2025-11-06,2025-11-19,2025-11-19,2025-11-20,11.37,13,0
LG100329,Lakeland Events,Beam Trolley,Clamps & Trolleys,Birmingham,2026-01-19,2026-02-15,2026-02-15,2026-02-17,11.05,27,0
LG101088,,Load Cell,Testing,Newcastle,2025-10-06,2025-11-13,2025-11-11,2025-11-27,11.19,36,0
LG100916,Mersey Marine Services,Webbing Sling,Slings & Rigging,Glasgow,2026-08-01,2026-09-01,2026-09-01,2026-09-03,3.78,31,0
LG101010,Lakeland Events,Shackle Set,Slings & Rigging,Nottingham,2026-05-22,2026-06-15,2026-06-14,2026-06-16,2.97,23,0
LG101415,Oakwood Joinery,Load Cell,Testing,Leeds,2026-07-17,2026-07-29,2026-07-31,2026-08-03,9.41,14,0
LG101890,Tyne Offshore,Chain Hoist,Hoists,Sheffield,2026-04-01,2026-05-09,2026-05-11,2026-05-12,18.38,40,0
LG100019,Wessex Scaffolding,Pallet Truck,Handling,Manchester,2026-04-24,2026-05-14,2026-05-14,2026-05-16,7.33,20,0
LG101092,Brunel Rail Services,Lever Hoist,Hoists,Birmingham,2026-07-18,2026-07-24,2026-07-24,2026-07-24,10.02,6,0
LG102366,Northern Steelworks,Vacuum Lifter,Handling,Sheffield,2026-05-11,2026-06-02,2026-05-31,2026-06-01,41.71,20,0
LG101499,Lakeland Events,Shackle Set,Slings & Rigging,Liverpool,2026-03-16,2026-04-23,2026-04-23,2026-04-23,2.77,38,0
LG101898,Calder Fabrications,Load Cell,Testing,Cardiff,2026-02-04,2026-03-10,2026-03-08,2026-03-08,10.69,32,0
LG101424,Granite Structures,Webbing Sling,Slings & Rigging,Nottingham,2026-07-13,2026-07-29,2026-07-30,2026-07-31,3.65,17,0
LG100108,Clyde Shipping Supplies,Chain Hoist,Hoists,Nottingham,2026-05-04,2026-05-31,2026-05-31,2026-06-03,19.25,27,0
LG102324,Wessex Scaffolding,Pallet Truck,Handling,Birmingham,2026-03-20,2026-04-06,2026-04-06,2026-04-08,9.06,17,0
LG101974,Pennine Builders,Lever Hoist,Hoists,Birmingham,2026-04-05,2026-04-29,2026-04-28,2026-05-01,9.94,23,0
LG101826,Mersey Marine Services,Gantry Crane,Cranes & Gantries,Sheffield,2025-10-29,2025-11-06,2025-11-04,2025-11-07,63.6,6,0
LG100666,Dee Valley Contractors,Wire Rope Sling,Slings & Rigging,Liverpool,2026-06-17,2026-07-16,2026-07-16,2026-07-16,6.22,29,0
LG101211,Highland Civil Eng,Lever Hoist,Hoists,Newcastle,2026-05-06,2026-05-22,2026-05-22,2026-05-24,9.04,16,0
LG101748,Tyne Offshore,Webbing Sling,Slings & Rigging,Newcastle,2026-06-14,2026-07-02,2026-07-04,2026-07-04,4.1,20,0
LG101940,Oakwood Joinery,Beam Clamp,Clamps & Trolleys,Leeds,2026-05-12,2026-06-18,2026-06-18,2026-07-01,6.63,37,92.88
LG100007,Lakeland Events,Beam Clamp,Clamps & Trolleys,Leeds,2026-03-24,2026-04-13,2026-04-13,2026-04-26,6.57,20,0
LG100655,Trent Warehousing,Webbing Sling,Slings & Rigging,Sheffield,2026-08-01,2026-08-12,2026-08-13,2026-08-15,3.9,12,0
LG100814,Mersey Marine Services,Chain Hoist,Hoists,Birmingham,2026-01-22,2026-02-02,2026-02-03,2026-02-03,17.09,12,0
LG100901,Northern Steelworks,Shackle Set,Slings & Rigging,Liverpool,2026-04-24,2026-04-29,2026-04-30,2026-05-03,3.0,6,0
LG101483,Severn Plant Hire,Wire Rope Sling,Slings & Rigging,Birmingham,2026-05-27,2026-06-29,2026-07-01,2026-07-03,5.75,35,0
LG100919,Cheshire Logistics,Chain Hoist,Hoists,Bristol,2025-10-26,2025-11-08,2025-11-07,2025-11-08,20.04,12,0
LG100893,Granite Structures,Chain Hoist,Hoists,Birmingham,2026-07-12,2026-08-09,2026-08-09,2026-08-09,18.68,28,0
LG100362,Ashby Construction,Chain Hoist,Hoists,Manchester,2026-02-24,2026-03-03,2026-03-01,2026-03-04,19.1,5,0
LG101656,Highland Civil Eng,Engine Crane,Cranes & Gantries,Newcastle,2025-11-26,2025-12-23,2025-12-23,2025-12-23,13.88,27,0
LG100766,Pennine Builders ,Load Cell,Testing,Nottingham,2025-12-19,2026-01-25,2026-01-27,2026-01-27,9.82,39,0
LG102087,Northern Steelworks,Lever Hoist,Hoists,Liverpool,2026-07-29,2026-08-09,2026-08-09,2026-08-11,9.78,11,0
LG101040,Stanley Mechanical,Lever Hoist,Hoists,Bristol,2025-11-01,2025-11-22,2025-11-22,2025-11-22,8.56,21,0
LG100347,Wessex Scaffolding,Pallet Truck,Handling,Leeds,2026-08-13,2026-09-14,2026-09-12,2026-09-12,8.86,30,0
LG101148,Cheshire Logistics,Shackle Set,Slings & Rigging,Nottingham,2025-11-30,2025-12-08,2025-12-08,2025-12-08,3.06,8,0
LG100523,Redline Roofing,Chain Hoist,Hoists,Manchester,2026-03-19,2026-04-21,2026-04-19,2026-04-20,16.65,31,0
LG101166,Northern Steelworks,Wire Rope Sling,Slings & Rigging,Glasgow,2025-12-22,2025-12-31,2025-12-31,2025-12-31,5.72,9,0
LG101523,Dee Valley Contractors,Shackle Set,Slings & Rigging,Cardiff,2026-07-23,2026-08-26,2026-08-26,2026-08-28,3.34,34,46.23
LG101297,Cheshire Logistics,Webbing Sling,Slings & Rigging,Glasgow,2025-11-02,2025-12-09,2025-12-10,2025-12-11,4.42,38,0
LG100157,Oakwood Joinery,Shackle Set,Slings & Rigging,Newcastle,2026-04-08,2026-04-15,2026-04-17,2026-04-20,3.08,9,0
LG101083,Clyde Shipping Supplies,Pallet Truck,Handling,Cardiff,2025-10-16,2025-11-18,2025-11-19,2025-11-21,7.51,34,0
LG101580,Dee Valley Contractors,Wire Rope Sling,Slings & Rigging,Cardiff,2025-11-05,2025-12-12,2025-12-13,2025-12-16,5.74,38,0
LG100408,Humber Port Services,Webbing Sling,Slings & Rigging,Liverpool,2025-12-13,2026-01-03,2026-01-02,2026-01-03,4.03,20,0
LG101125,Mersey Marine Services,Wire Rope Sling,Slings & Rigging,Nottingham,2026-03-26,2026-04-29,2026-04-27,2026-04-28,6.59,32,0
LG100230,Granite Structures,Webbing Sling,Slings & Rigging,Birmingham,2026-05-01,2026-05-25,2026-05-27,2026-06-14,4.53,26,0
LG100537,Northern Steelworks,Shackle Set,Slings & Rigging,Leeds,2026-04-26,2026-05-26,2026-05-27,2026-06-05,3.09,31,0
LG100692,Clyde Shipping Supplies,Vacuum Lifter,Handling,Nottingham,2026-03-10,2026-04-06,2026-04-06,2026-04-09,42.11,27,0
LG101610,Brunel Rail Services,Beam Trolley,Clamps & Trolleys,Birmingham,2026-07-31,2026-08-21,2026-08-23,2026-08-24,11.04,23,0
LG102071,Stanley Mechanical,Wire Rope Sling,Slings & Rigging,Glasgow,2026-08-03,2026-08-27,2026-08-28,2026-08-31,5.42,25,48.11
LG100518,Brunel Rail Services,Webbing Sling,Slings & Rigging,Leeds,2026-02-25,2026-03-05,2026-03-05,2026-03-06,3.95,8,0
LG101377,Granite Structures,Beam Clamp,Clamps & Trolleys,Nottingham,2026-01-12,2026-01-23,2026-01-23,2026-01-26,6.84,11,0
LG101864,Calder Fabrications,Lever Hoist,Hoists,Newcastle,2026-07-18,2026-07-28,2026-07-30,2026-08-02,8.13,12,0
LG100130,Wessex Scaffolding,Lever Hoist,Hoists,Leeds,2025-12-18,2026-01-03,2026-01-03,2026-01-03,8.24,16,0
LG101871,Oakwood Joinery ,Lever Hoist,Hoists,Cardiff,2025-12-14,2025-12-18,2025-12-18,2025-12-19,8.75,4,0
LG102102,Oakwood Joinery,Lever Hoist,Hoists,Sheffield,2026-03-24,2026-03-30,2026-03-29,2026-04-01,9.95,5,0
LG101622,Severn Plant Hire,Webbing Sling,Slings & Rigging,Newcastle,2026-05-11,2026-05-30,2026-06-01,2026-06-01,3.93,21,0
LG102033,Clyde Shipping Supplies,Load Cell,Testing,Manchester,2026-05-15,2026-06-04,2026-06-05,2026-06-22,10.61,21,0
LG102268,Tyne Offshore,Wire Rope Sling,Slings & Rigging,Cardiff,2026-07-29,2026-08-05,,2026-08-13,6.01,7,0
LG100752,Humber Port Services,Shackle Set,Slings & Rigging,Glasgow,2026-08-04,2026-08-25,2026-08-27,2026-08-29,3.28,23,0
LG101061,Northern Steelworks,Webbing Sling,Slings & Rigging,Birmingham,2026-01-18,2026-02-11,2026-02-13,2026-02-16,3.93,26,0
LG101643,Ashby Construction,Wire Rope Sling,Slings & Rigging,Newcastle,2026-01-22,2026-03-03,2026-03-01,2026-03-01,6.82,38,191.34
LG102157,Oakwood Joinery,Beam Clamp,Clamps & Trolleys,Nottingham,2026-05-07,2026-06-07,2026-06-09,2026-06-11,7.12,33,0
LG101307,Ashby Construction,Beam Clamp,Clamps & Trolleys,Glasgow,2025-11-10,2025-12-12,,2025-12-20,7.7,32,0
LG102193,Humber Port Services,Lever Hoist,Hoists,Liverpool,2026-05-23,2026-06-12,2026-06-12,2026-06-15,8.55,20,0
LG100021,Humber Port Services,Lever Hoist,Hoists,Sheffield,2025-12-11,2025-12-29,2025-12-30,2026-01-02,9.78,19,0
LG102291,Calder Fabrications,Pallet Truck,Handling,Liverpool,2026-01-04,2026-01-19,2026-01-21,2026-01-24,7.32,17,0
LG100582,Clyde Shipping Supplies,Gantry Crane,Cranes & Gantries,Cardiff,2026-03-13,2026-04-11,2026-04-10,2026-04-13,65.13,28,0
LG101895,Severn Plant Hire,Lever Hoist,Hoists,Bristol,2025-12-26,2026-01-30,2026-01-31,2026-01-31,9.95,36,0
LG100042,Mersey Marine Services,Engine Crane,Cranes & Gantries,Sheffield,2026-05-20,2026-05-30,2026-05-28,2026-05-29,13.47,8,0
LG101245,Mersey Marine Services,Shackle Set,Slings & Rigging,Leeds,2026-05-22,2026-06-30,2026-06-30,2026-07-02,3.03,39,0
LG100383,Highland Civil Eng,Pallet Truck,Handling,Bristol,2025-11-21,2025-12-26,2025-12-26,2026-01-07,8.74,35,0
LG102143,Highland Civil Eng,Shackle Set,Slings & Rigging,Glasgow,2026-04-10,2026-05-03,2026-05-02,2026-05-03,3.15,22,0
LG101637,Pennine Builders,Gantry Crane,Cranes & Gantries,Leeds,2026-01-21,2026-02-11,2026-02-12,2026-02-13,68.31,22,0
LG102342,Severn Plant Hire,Pallet Truck,Handling,Glasgow,2026-01-24,2026-01-30,2026-02-01,2026-02-04,9.05,8,0
LG102104,Ashby Construction,Chain Hoist,Hoists,Liverpool,2025-11-01,2025-11-06,2025-11-07,2025-11-08,17.9,6,0
LG101582,Clyde Shipping Supplies,Beam Clamp,Clamps & Trolleys,Newcastle,2026-04-24,2026-04-30,2026-04-28,2026-04-30,7.41,4,0
LG101529,Northern Steelworks,Chain Hoist,Hoists,Liverpool,2026-05-30,2026-06-06,2026-06-06,2026-06-06,19.28,7,0
LG101473,Redline Roofing,Webbing Sling,Slings & Rigging,Newcastle,2026-02-23,2026-04-03,2026-04-03,2026-04-06,3.84,39,0
LG100417,Mersey Marine Services,Chain Hoist,Hoists,Leeds,2026-07-07,2026-07-31,2026-08-02,2026-08-05,19.86,26,0
LG102245,Clyde Shipping Supplies,Beam Clamp,Clamps & Trolleys,Glasgow,2026-01-30,2026-03-02,2026-03-02,2026-03-02,7.59,31,0
LG101560,Mersey Marine Services,Chain Hoist,Hoists,Glasgow,2026-08-14,2026-08-22,2026-08-24,2026-08-24,16.46,10,0
LG102081,Lakeland Events,Chain Hoist,Hoists,Glasgow,2026-08-11,2026-09-02,2026-09-02,2026-09-02,19.84,22,0
LG101302,Northern Steelworks,Shackle Set,Slings & Rigging,Manchester,2026-04-17,2026-05-21,2026-05-21,2026-05-31,3.09,34,0
LG100032,Lakeland Events,Chain Hoist,Hoists,Sheffield,2026-02-12,2026-03-19,2026-03-17,2026-03-19,19.63,33,0
LG101514,Highland Civil Eng,Wire Rope Sling,Slings & Rigging,Leeds,2026-01-05,2026-02-12,2026-02-14,2026-02-16,5.98,40,0
LG101702,Highland Civil Eng,Lever Hoist,Hoists,Birmingham,2026-05-16,2026-06-14,2026-06-16,2026-06-19,9.91,31,0
LG100876,Brunel Rail Services,Engine Crane,Cranes & Gantries,Sheffield,2026-02-13,2026-02-21,2026-02-21,2026-02-23,14.85,8,0
LG102283,Mersey Marine Services,Webbing Sling,Slings & Rigging,Leeds,2026-01-16,2026-02-13,,,4.3,28,0
LG100259,Northern Steelworks,Lever Hoist,Hoists,Birmingham,2026-07-20,2026-08-14,2026-08-14,2026-09-03,9.39,25,0
LG100176,Redline Roofing,Beam Trolley,Clamps & Trolleys,Newcastle,2026-02-16,2026-03-10,2026-03-09,2026-03-10,10.59,21,0
LG101769,Wessex Scaffolding,Gantry Crane,Cranes & Gantries,Bristol,2026-07-25,2026-09-03,2026-09-04,2026-09-06,62.94,41,0
LG100508,Stanley Mechanical,Beam Trolley,Clamps & Trolleys,Manchester,2026-06-23,2026-07-09,2026-07-09,2026-07-11,11.44,16,0
LG100286,Tyne Offshore,Lever Hoist,Hoists,Newcastle,2026-05-16,2026-06-03,2026-06-04,2026-06-06,10.02,19,0
LG100737,Clyde Shipping Supplies,Lever Hoist,Hoists,Bristol,2026-02-18,2026-02-26,2026-02-26,2026-02-27,9.57,8,0
LG102241,Wessex Scaffolding,Lever Hoist,Hoists,Bristol,2026-05-08,2026-05-26,,,9.49,18,0
LG100234,Highland Civil Eng,Webbing Sling,Slings & Rigging,Liverpool,2026-04-29,2026-05-04,2026-05-06,2026-05-07,3.92,7,0
LG100245,Calder Fabrications,Chain Hoist,Hoists,Nottingham,2025-11-05,2025-11-23,2025-11-22,2025-11-25,19.04,17,0
LG101947,Redline Roofing,Lever Hoist,Hoists,Sheffield,2025-11-01,2025-12-07,2025-12-07,2025-12-10,8.14,36,0
LG100278,Oakwood Joinery,Beam Clamp,Clamps & Trolleys,Birmingham,2026-05-30,2026-06-03,2026-06-03,2026-06-04,7.38,4,0
LG100960,Tyne Offshore,Webbing Sling,Slings & Rigging,Nottingham,2025-12-08,2026-01-01,2026-01-03,2026-01-06,4.6,26,87.27
LG102367,Calder Fabrications,Shackle Set,Slings & Rigging,Cardiff,2026-07-02,2026-08-07,2026-08-07,2026-08-07,3.07,36,0
LG101249,Stanley Mechanical,Webbing Sling,Slings & Rigging,Sheffield,2026-04-30,2026-05-19,,2026-05-23,3.76,19,0
LG101820,Cheshire Logistics,Beam Clamp,Clamps & Trolleys,Bristol,2026-01-29,2026-02-26,2026-02-24,2026-02-26,6.72,26,0
LG100268,Severn Plant Hire,Engine Crane,Cranes & Gantries,Birmingham,2026-03-17,2026-04-15,2026-04-15,2026-04-17,13.21,29,0
LG101951,Oakwood Joinery,Load Cell,Testing,Liverpool,2026-03-27,2026-04-27,,,10.74,31,0
LG100937,Highland Civil Eng,Beam Clamp,Clamps & Trolleys,Glasgow,2026-06-01,2026-06-26,2026-06-28,2026-06-29,7.19,27,0
LG100702,Clyde Shipping Supplies,Wire Rope Sling,Slings & Rigging,Sheffield,2026-06-09,2026-07-08,2026-07-07,2026-07-07,6.47,28,0
LG102205,Brunel Rail Services,Wire Rope Sling,Slings & Rigging,Sheffield,2026-07-11,2026-07-21,2026-07-19,2026-07-21,6.89,8,0
LG101601,Granite Structures,Shackle Set,Slings & Rigging,Sheffield,2026-08-12,2026-08-29,2026-08-29,2026-09-01,2.75,17,0
